"Id","Label","locations_modern_state","locations_modern_province","Latitude","Longitude","locations_ll_combined"
"aachen_DE_gid_3247449","Aachen","Germany","North-Rhine-Westphalia","50.77664","6.08342","50.77664, 6.08342"
"aalst_BE_gid_2803448","Aalst","Belgium","Flanders","50.93604","4.0355","50.93604, 4.0355"
"abbey_josaphat_lès_chartres_FR_gid_unknown","Abbey Josaphat-lès-Chartres","France","Centre-Val de Loire","48.471161","1.483948","48.471161, 1.483948"
"abbey_saint_martin_de_lile_barbe_FR_gid_2977249","Abbey Saint-Martin-de-l'Île-Barbe","France","Auvergne-Rhône-Alpes","45.79784","4.83321","45.79784, 4.83321"
"aberdeen_GB_gid_2657832","Aberdeen","United Kingdom","Scotland","57.14369","-2.09814","57.14369, -2.09814"
"albisola_superiore_IT_gid_6534243","Albisola Superiore","Italy","Liguria","44.33889","8.51046","44.33889, 8.51046"
"alcalá_de_henares_ES_gid_3130616","Alcalá de Henares","Spain","Madrid","40.4165","-3.70256","40.4165, -3.70256"
"alcobaça_PT_gid_2272147","Alcobaça","Portugal","Leiria","39.55223","-8.97749","39.55223, -8.97749"
"alenquer_PT_gid_2272036","Alenquer","Portugal","Lisbon","39.05315","9.00928","39.05315, -9.00928"
"altenburg_DE_gid_2957773","Altenburg","Germany","Thuringia","50.98763","12.43684","50.98763, 12.43684"
"altomünster_abbey_DE_gid_unknown","Altomünster Abbey","Germany","Bavaria","48.38844","11.2573","48.38844, 11.2573"
"altwied_DE_gid_2956764","Altwied","Germany","Rheinland-Pfalz","50.48297","7.46584","50.48297, 7.46584"
"alt_kölln_DE_gid_7576815","Alt-Kölln","Germany","Land Berlin","52.51486","13.40285","52.51486, 13.40285"
"alzate_brianza_IT_gid_6535114","Alzate Brianza","Italy","Lombardy","45.76978","9.18204","45.76978, 9.18204"
"amberg_DE_gid_2956656","Amberg","Germany","Bavaria","49.44287","11.86267","49.44287, 11.86267"
"amboise_FR_gid_3037902","Amboise","France","Centre-Val de Loire","47.41249","0.98266","47.41249, 0.98266"
"amersfoort_NL_gid_2759821","Amersfoort","Netherlands","Utrecht","52.155","5.3875","52.155, 5.3875"
"ampthill_GB_gid_2657337","Ampthill","United Kingdom","England","52.02694","-0.49567","52.02694, -0.49567"
"amsterdam_NL_gid_2759794","Amsterdam","Netherlands","North Holland","52.37403","4.88969","52.37403, 4.88969"
"anderlecht_BE_gid_2803201","Anderlecht","Belgium","Brussels Capital","50.83619","4.31454","50.83619, 4.31454"
"andernach_DE_gid_2956206","Andernach","Germany","Rheinland-Pfalz","50.43109","7.40425","50.43109, 7.40425"
"angoulême_FR_gid_3037598","Angoulême","France","Nouvelle-Aquitaine","45.65","0.15","45.65, 0.15"
"annency_FR_gid_3037543","Annecy","France","Auvergne-Rhône-Alpes","45.9","6.11667","45.9, 6.11667"
"ansbach_DE_gid_2955936","Ansbach","Germany","Bavaria","49.30481","10.5931","49.30481,10.5931"
"antwerpen_BE_gid_2803138","Antwerp","Belgium","Flanders","51.21989","4.40346","51.21989, 4.40346"
"aranda_de_duero_ES_gid_3129877","Aranda de Duero","Spain","Castille and León","41.67041","-3.6892","41.67041, -3.6892"
"arc_en_barrois_FR_gid_3037229","Arc-en-Barrois","France","Grand Est","47.94766","5.00807","47.94766, 5.00807"
"arezzo_IT_gid_3182884","Arezzo","Italy","Tuscany","43.46276","11.88068","43.46276, 11.88068"
"århus_gid_DK_2624652","Aarhus","Denmark","Central Jutland","56.15674","10.21076","56.15674, 10.21076"
"arlon_BE_gid_2803073","Arlon","Belgium","Wallonia","49.68333","5.81667","49.68333, 5.81667"
"armentières_FR_gid_3036903","Armentières","France","Hauts-de-France","50.68568","2.88214","50.68568, 2.88214"
"arnhem_NL_gid_2759661","Arnhem","Netherlands","Gelderland","51.98","5.91111","51.98, 5.91111"
"arras_FR_gid_3036784","Arras","France","Hauts-de-France","50.29301","2.78186","50.29301, 2.78186"
"aschaffenburg_DE_gid_2955272","Aschaffenburg","Germany","Bavaria","49.97704","9.15214","49.97704, 9.15214"
"aschersleben_DE_gid_2955168","Aschersleben","Germany","Saxony-Anhalt","51.75742","11.46084","51.75742, 11.46084"
"asola_IT_gid_3182734","Asola","Italy","Lombardy","45.22018","10.41214","45.22018, 10.41214"
"asse_BE_gid_2803033","Asse","Belgium","Flanders","50.91011","4.19836","50.91011, 4.19836"
"asti_IT_gid_3182714","Asti","Italy","Piedmont","44.90162","8.20751","44.90162, 8.20751"
"ath_BE_gid_2803010","Ath","Belgium","Wallonia","50.62937","3.778","50.62937, 3.7780"
"auerbach_DE_gid_2954603","Auerbach","Germany","Bavaria","49.69201","11.63327","49.69201, 11.63327"
"augsburg_DE_gid_2954172","Augsburg","Germany","Bavaria","48.37154","10.89851","48.37154,10.89851"
"auxerre_FR_gid_3035843","Auxerre","France","Bourgogne-Franche-Comté","47.8","3.56667","47.8, 3.56667"
"avignon_FR_gid_3035681","Avignon","France","Provence-Alpes-Côte d'Azur","43.94834","4.80892","43.94834, 4.80892"
"baarland_NL_gid_2759562","Baarland","Netherlands","Zeeland","51.40833","3.88472","51.40833, 3.88472"
"baden_baden_DE_gid_2953504","Baden-Baden","Germany","Baden-Wurttemberg","48.7606","8.23975","48.7606, 8.23975"
"baden_CH_gid_2661646","Baden","Switzerland","Aargau","47.47333","8.30592","47.47333, 8.30592"
"bad_dürkheim_DE_gid_2953522","Bad Dürkheim","Germany","Rheinland-Pfalz","49.4618","8.17236","49.4618, 8.17236"
"bagnoregio_IT_gid_3182494","Bagnoregio","Italy","Lazio","42.62845","12.08969","42.62845, 12.08969"
"bailleul_FR_gid_3035359","Bailleul","France","Hauts-de-France","50.73592","2.73594","50.73592, 2.73594"
"balingen_DE_gid_2953089","Balingen","Germany","Baden-Wurttemberg","48.27525","8.85464","48.27525, 8.85464"
"bamberg_DE_gid_2952984","Bamberg","Germany","Bavaria","49.89873","10.90067","49.89873, 10.90067"
"banská_bystrica_SK_gid_3061186","Banská Bystrica","Slovakia","Banska Bystrica","48.73946","19.15349","48.73946, 19.15349"
"barcelona_ES_gid_3128760","Barcelona","Spain","Catalonia","41.38879","2.15899","41.38879, 2.15899"
"barrow_in_furness_GB_gid_2656241","Barrow in Furness","United Kingdom","England","54.135278","-3.197778","54.135278, -3.197778"
"barton_under_needwood_GB_viaf_2656207","Barton under Needwood","United Kingdom","England","52.76268","-1.724","52.76268, -1.724"
"bar_le_duc_FR_gid_3034911","Bar-le-Duc","France","Grand Est","48.78333","5.16667","48.78333, 5.16667"
"basel_CH_gid_2661604","Basel","Switzerland","Basel-City","47.5584","7.57327","47.5584, 7.57327"
"bassano_del_grappa_IT_gid_3182297","Bassano del Grappa","Italy","Veneto","45.76231","11.73112","45.76231, 11.73112"
"bassiano_IT_gid_3182293","Bassiano","Italy","Lazio","41.55154","13.02732","41.55154, 13.02732"
"bath_NL_gid_2759383","Bath","Netherlands","Zeeland","51.40167","4.20972","51.40167, 4.20972"
"bautzen_DE_gid_2951881","Bautzen","Germany","Saxony","51.18035","14.43494","51.18035, 14.43494"
"bayeux_FR_gid_3034483","Bayeux","France","Normandy","49.27732","-0.7039","49.27732, -0.7039"
"beaugency_FR_gid_3034297","Beaugency","France","Centre-Val de Loire","47.78019","1.62705","47.78019, 1.62705"
"bechyně_CZ_gid_3079616","Bechyně","Czech Republic","Jihočeský kraj","49.29523","14.4681","49.29523, 14.4681"
"beer_GB_gid_2656018","Beer","United Kingdom","England","50.7","-3.1","50.7, -3.1"
"beloeil_BE_gid_2802292","Beloeil","Belgium","Wallonia","50.55047","3.73484","50.55047, 3.73484"
"bergen_op_zoom_NL_gid_2759145","Bergen op Zoom","Netherlands","North Brabant","51.495","4.29167","51.495, 4.29167"
"bergues_FR_gid_3033363","Bergues","France","Hauts-de-France","50.96882","2.43242","50.96882, 2.43242"
"bern_CH_gid_2661552","Bern","Switzerland","Bern","46.94809","7.44744","46.94809, 7.44744"
"besançon_FR_gid_3033123","Besançon","France","Bourgogne-Franche-Comté","47.24878","6.01815","47.24878, 6.01815"
"beverley_GB_gid_2655785","Beverley","United Kingdom","England","53.84587","-0.42332","53.84587, -0.42332"
"beverwijk_NL_2758998","Beverwijk","Netherlands","North Holland","52.48333","4.65694","52.48333, 4.65694"
"beynost_FR_gid_3032869","Beynost","France","Auvergne-Rhône-Alpes","45.83809","5.00608","45.83809, 5.00608"
"biberach_DE_gid_2949423","Biberach an der Riss","Germany","Baden-Wurttemberg","48.09345","9.79053","48.09345, 9.79053"
"bielefeld_DE_gid_2949186","Bielefeld","Germany","North-Rhine-Westphalia","52.03333","8.53333","52.03333, 8.53333"
"blankenburg_DE_gid_2948071","Blankenburg","Germany","Saxony-Anhalt","51.79025","10.95509","51.79025, 10.95509"
"blevice_CZ_gid_3079216","Blevice","Czech Republic","Central Bohemia","50.20972","14.23616","50.20972, 14.23616"
"blois_FR_gid_3032213","Blois","France","Centre-Val de Loire","47.58333","1.33333","47.58333, 1.33333"
"bodzanczin_PL_gid_775736","Bodzentyn","Poland","Świętokrzyskie","50.94115","20.95719","50.94115, 20.95719"
"boechout_BE_gid_2801743","Boechout","Belgium","Flanders","51.15959","4.49195","51.15959, 4.49195"
"bologna_IT_gid_3181928","Bologna","Italy","Emilia-Romagna","44.49381","11.33875","44.49381, 11.33875"
"bolsward_NL_gid_2758682","Bolsward","Netherlands","Friesland","53.06555","5.53176","53.06555, 5.53176"
"bonilla_ES_gid_3127842","Bonilla","Spain","Castille-La Mancha","40.1937","-2.5495","40.1937, -2.5495"
"bonn_DE_gid_2946447","Bonn","Germany","North-Rhine-Westphalia","50.73438","7.09548","50.73438, 7.09548"
"boppard_DE_gid_2946366","Boppard","Germany","Rheinland-Pfalz","50.23085","7.58992","50.23085, 7.58992"
"bordeaux_FR_gid_3031582","Bordeaux","France","Nouvelle-Aquitaine","44.84044","-0.5805","44.84044, -0.5805"
"borssele_NL_gid_2758587","Borssele","Netherlands","Zeeland","51.42333","3.73472","51.42333, 3.73472"
"boskovice_CZ_gid_3078910","Boskovice","Czech Republic","South Moravian","49.48751","16.65997","49.48751, 16.65997"
"bourges_FR_gid_3031005","Bourges","France","Centre-Val de Loire","47.08333","2.4","47.08333, 2.4"
"bourg_en_bresse_FR_gid_3031009","Bourg-en-Bresse","France","Auvergne-Rhône-Alpes","46.20574","5.2258","46.20574, 5.2258"
"boville_ernica_IT_gid_3181646","Boville Ernica","Italy","Lazio","41.64252","13.4727","41.64252, 13.4727"
"bratislava_SK_gid_3060972","Bratislava","Slovakia","Bratislava","48.14816","17.10674","48.14816, 17.10674"
"braunschweig_DE_gid_2945024","Braunschweig","Germany","Lower Saxony","52.26594","10.52673","52.26594, 10.52673"
"breisach_am_rhein_DE_gid_2944800","Breisach","Germany","Baden-Wurttemberg","48.03279","7.58294","48.03279, 7.58294"
"bremen_DE_gid_2944388","Bremen","Germany","Bremen","53.07516","8.80777","53.07516, 8.80777"
"brescia_IT_gid_3181554","Brescia","Italy","Lombardy","45.53558","10.21472","45.53558, 10.21472"
"bressanone_IT_gid_3181550","Brixen","Italy","Trentino-Alto Adige","46.71503","11.65598","46.71503, 11.65598"
"bretten_DE_gid_2944200","Bretten","Germany","Baden-Wurttemberg","49.03685","8.70745","49.03685, 8.70745"
"brielle_NL_gid_2758326","Brielle","Netherlands","South Holland","51.90167","4.1625","51.90167, 4.1625"
"broggingen_DE_gid_2943898","Broggingen","Germany","Baden-Wurttemberg","48.21999","7.82893","48.21999, 7.82893"
"brognard_FR_gid_3029949","Brognard","France","Bourgogne-Franche-Comté","47.53093","6.86576","47.53093, 6.86576"
"bruchsal_DE_gid_2943560","Bruchsal","Germany","Baden-Wurttemberg","49.12426","8.59804","49.12426, 8.59804"
"brugge_BE_gid_2800931","Bruges","Belgium","Flanders","51.20892","3.22424","51.20892, 3.22424"
"brühl_DE_gid_2943320","Brühl","Germany","North-Rhine-Westphalia","50.82928","6.90499","50.82928, 6.90499"
"brussels_BE_gid_2800866","Brussels","Belgium","Brussels Capital","50.85045","4.34878","50.85045, 4.34878"
"bruttig_DE_gid_2942976","Bruttig","Germany","Rheinland-Pfalz","50.13333","7.23333","50.13333, 7.23333"
"buda_HU_gid_3054667","Buda","Hungary","Budapest","47.5","19.03333","47.5, 19.03333"
"büderich_DE_gid_2942083","Büderich","Germany","North-Rhine-Westphalia","51.63","6.57959","51.63, 6.57959"
"burgos_ES_gid_3127461","Burgos","Spain","Castille and León","42.35022","-3.67527","42.35022, -3.67527"
"burg_reußenberg_DE_gid_unknown","Burg Reußenberg","Germany","Bavaria","50.067778","9.820833","50.067778, 9.820833"
"burnham_GB_gid_2654274","Burnham","United Kingdom","England","51.53534","-0.66579","51.53534, -0.66579"
"bury_st_edmunds_GB_gid_2654186","Bury St Edmunds","United Kingdom","England","52.2463","0.71111","52.2463, 0.71111"
"butzbach_DE_gid_2940512","Butzbach","Germany","Hesse","50.43395","8.67122","50.43395, 8.67122"
"calais_FR_gid_3029162","Calais","France","Hauts-de-France","50.95194","1.85635","50.95194, 1.85635"
"cambrai_FR_gid_3029030","Cambrai","France","Hauts-de-France","50.16667","3.23333","50.16667, 3.23333"
"cambridge_GB_gid_2653941","Cambridge","United Kingdom","England","52.2","0.11667","52.2, 0.11667"
"canino_IT_gid_3180838","Canino","Italy","Lazio","42.46592","11.75294","42.46592, 11.75294"
"canterbury_GB_gid_2653877","Canterbury","United Kingdom","England","51.27904","1.07992","51.27904, 1.07992"
"cantù_IT_gid_3180758","Cantù","Italy","Lombardy","45.74096","9.13084","45.74096, 9.13084"
"capriglia_irpina_IT_gid_3180620","Capriglia Irpina","Italy","Campania","40.96032","14.77724","40.96032, 14.77724"
"carpentras_FR_gid_3028542","Carpentras","France","Provence-Alpes-Côte d'Azur","44.05","5.05","44.05, 5.05"
"carpi_centro_IT_gid_3180445","Carpi Centro","Italy","Emilia-Romagna","44.78237","10.8777","44.78237, 10.8777"
"cassel_FR_gid_3028440","Cassel","France","Hauts-de-France","50.80109","2.48527","50.80109, 2.48527"
"castres_FR_gid_3028263","Castres","France","Occitanie","43.6","2.25","43.6, 2.25"
"celle_DE_gid_2940213","Celle","Germany","Lower Saxony","52.62264","10.08047","52.62264, 10.08047"
"červený_hrádek_CZ_gid_3077957","Červený Hrádek","Czech Republic","Ústecký kraj","50.51528","13.45287","50.51528, 13.45287"
"chambéry_FR_gid_3027422","Chambéry","France","Auvergne-Rhône-Alpes","45.56667","5.93333","45.56667, 5.93333"
"chartres_FR_gid_3026467","Chartres","France","Centre-Val de Loire","48.44685","1.48925","48.44685, 1.48925"
"chazey_sur_ain_FR_gid_3025657","Chazey-sur-Ain","France","Auvergne-Rhône-Alpes","45.893","5.25352","45.893, 5.25352"
"cheb_CZ_gid_3077835","Cheb","Czech Republic","Karlovarský kraj","50.07963","12.37392","50.07963, 12.37392"
"chelsea_GB_gid_2653265","Chelsea","United Kingdom","England","51.48755","-0.16936","51.48755, -0.16936"
"chemnitz_DE_gid_2940132","Chemnitz","Germany","Saxony","50.8357","12.92922","50.8357, 12.92922"
"cigales_ES_gid_3125068","Cigales","Spain","Castille and León","41.7578","-4.69848","41.7578, -4.69848"
"cirencester_GB_gid_2652995","Cirencester","United Kingdom","England","51.71927","-1.97145","51.71927, -1.97145"
"ciriè_IT_gid_3178650","Ciriè","Italy","Piedmont","45.23486","7.60125","45.23486, 7.60125"
"city_of_westminster_GB_gid_2634341","City of Westminster","United Kingdom","England","51.5","-0.11667","51.5, -0.11667"
"cividale_del_friuli_IT_gid_3178605","Cividale del Friuli","Italy","Friuli Venezia Giulia","46.09019","13.42861","46.09019, 13.42861"
"cles_IT_gid_3178548","Cles","Italy","Trentino-Alto Adige","46.36294","11.03276","46.36294, 11.03276"
"cluny_abbey_FR_gid_12129572","Abbaye de Cluny","France","Bourgogne-Franche-Comté","46.43473","4.65881","46.43473, 4.65881"
"cluses_FR_gid_3024532","Cluses","France","Auvergne-Rhône-Alpes","46.06251","6.57497","46.06251, 6.57497"
"cognac_FR_gid_3024440","Cognac","France","Nouvelle-Aquitaine","45.7","-0.33333","45.7, -0.33333"
"colline_beaumont_FR_gid_3024316","Colline-Beaumont","France","Hauts-de-France","50.34133","1.68706","50.34133, 1.68706"
"colmars_FR_gid_3024292","Colmars","France","Provence-Alpes-Côte d'Azur","44.18333","6.63333","44.18333, 6.63333"
"comines_BE_gid_2800195","Comines","Belgium","Wallonia","50.7754","3.00119","50.7754, 3.00119"
"como_IT_gid_3178229","Como","Italy","Lombardy","45.80079","9.08065","45.80079, 9.08065"
"conegliano_IT_gid_3178197","Conegliano","Italy","Veneto","45.88805","12.30201","45.88805, 12.30201"
"conington_GB_gid_2652460","Conington","United Kingdom","England","52.27743","-0.06562","52.27743, -0.06562"
"convent_mariënpoel_NL_gid_unknown","Convent Mariënpoel","Netherlands","South Holland","52.171207","4.4813987","52.171207,4.4813987"
"copenhagen_DK_gid_2618425","Copenhagen","Denmark","Capital Region","55.67594","12.56553","55.67594, 12.56553"
"courtebourne_FR_gid_3022927","Courtebourne","France","Hauts-de-France","50.79147","1.94752","50.79147, 1.94752"
"cuenca_ES_gid_3124132","Cuenca","Spain","Castille-La Mancha","40.06667","-2.13333","40.06667, -2.13333"
"delft_NL_gid_2757345","Delft","Netherlands","South Holland","52.00667","4.35556","52.00667, 4.35556"
"denny_abbey_GB_gid_unknown","Denny Abbey","United Kingdom","England","52.2936","0.186542","52.2936, 0.186542"
"deventer_NL_gid_2756987","Deventer","Netherlands","Overijssel","52.255","6.16389","52.255, 6.16389"
"diest_BE_gid_2799397","Diest","Belgium","Flanders","50.98923","5.05062","50.98923, 5.05062"
"dijon_FR_gid_3021372","Dijon","France","Bourgogne-Franche-Comté","47.31667","5.01667","47.31667, 5.01667"
"dillingen_an_der_donau_DE_gid_2936974","Dillingen an der Donau","Germany","Bavaria","48.58153","10.49528","48.58153, 10.49528"
"dirmstein_DE_gid_2936822","Dirmstein","Germany","Rheinland-Pfalz","49.56333","8.24472","49.56333, 8.24472"
"dole_FR_gid_3021263","Dole","France","Bourgogne-Franche-Comté","47.1","5.5","47.1, 5.5"
"donauwörth_DE_gid_2936253","Donauwörth","Germany","Bavaria","48.71804","10.7793","48.71804, 10.7793"
"dordrecht_NL_gid_2756669","Dordrecht","Netherlands","South Holland","51.8","4.67361","51.81, 4.67361"
"douai_FR_gid_3021000","Douai","France","Hauts-de-France","50.36667","3.06667","50.36667, 3.06667"
"dover_GB_gid_2651048","Dover","United Kingdom","England","51.13333","1.3","51.13333, 1.3"
"dresden_DE_gid_2935022","Dresden","Germany","Saxony","51.05089","13.73832","51.05089, 13.73832"
"dülmen_DE_gid_2934662","Dülmen","Germany","North-Rhine-Westphalia","51.83149","7.28075","51.83149, 7.28075"
"dundee_GB_gid_2650752","Dundee","United Kingdom","Scotland","56.46913","-2.97489","56.46913, -2.97489"
"düren_DE_gid_2934486","Düren","Germany","North-Rhine-Westphalia","50.80434","6.49299","50.80434, 6.49299"
"düsseldorf_DE_gid_2934246","Düsseldorf","Germany","North-Rhine-Westphalia","51.22172","6.77616","51.22172, 6.77616"
"easthampstead_GB_gid_2650428","Easthampstead","United Kingdom","England","51.4007","-0.76355","51.4007, -0.76355"
"ebernburg_castle_DE_gid_unknown","Burg Ebernburg","Germany","Rheinland-Pfalz","49.807044","7.838608","49.807044, 7.838608"
"ebersmunster_FR_gid_3020575","Ebersmunster","France","Grand Est","48.31117","7.52486","48.31117, 7.52486"
"eccleshall_GB_gid_2650274","Eccleshall","United Kingdom","England","52.85789","-2.24971","52.85789, -2.24971"
"edingen_BE_gid_2798747","Enghien","Belgium","Wallonia","50.68373","4.03284","50.68373, 4.03284"
"egg_an_der_günz_DE_gid_2933168","Egg an der Günz","Germany","Bavaria","48.08714","10.28495","48.08714, 10.28495"
"eichstätt_DE_gid_2932069","Eichstätt","Germany","Bavaria","48.88854","11.19675","48.88854, 11.19675"
"eindhoven_NL_gid_2756253","Eindhoven","Netherlands","North Brabant","51.44083","5.47778","51.44083, 5.47778"
"einsiedeln_CH_gid_2660925","Einsiedeln","Switzerland","Schwyz","47.12849","8.74735","47.12849, 8.74735"
"eisenach_DE_gid_2931574","Eisenach","Germany","Thuringia","50.9807","10.31522","50.9807, 10.31522"
"eisfeld_DE_gid_2931433","Eisfeld","Germany","Thuringia","50.42648","10.90695","50.42648, 10.90695"
"eisleben_lutherstadt_DE_gid_7284571","Eisleben Lutherstadt","Germany","Saxony-Anhalt","51.52754","11.54835","51.52754, 11.54835"
"emden_DE_gid_2930596","Emden","Germany","Lower Saxony","53.36745","7.20778","53.36745, 7.20778"
"emmerich_DE_gid_2930509","Emmerich","Germany","North-Rhine-Westphalia","51.83933","6.24792","51.83933, 6.24792"
"engen_DE_gid_2930201","Engen","Germany","Baden-Wurttemberg","47.85534","8.77342","47.85534, 8.77342"
"ensisheim_FR_gid_3020152","Ensisheim","France","Grand Est","47.86695","7.35212","47.86695, 7.35212"
"eppendorf_DE_gid_2929855","Eppendorf","Germany","Saxony","50.8","13.23333","50.8, 13.23333"
"eppingen_DE_gid_2929831","Eppingen","Germany","Baden-Wurttemberg","49.13645","8.91229","49.13645, 8.91229"
"erfurt_DE_gid_2929670","Erfurt","Germany","Thuringia","50.9787","11.03283","50.9787, 11.03283"
"esslingen_DE_gid_2928751","Esslingen am Neckar","Germany","Baden-Wurttemberg","48.73961","9.30473","48.73961, 9.30473"
"esztergom_HU_gid_3053163","Esztergom","Hungary","Komárom-Esztergom","47.7928","18.74148","47.7928, 18.74148"
"étampes_FR_gid_3019459","Étampes","France","Île-de-France","48.43333","2.15","48.43333, 2.15"
"étaples_FR_gid_3019441","Étaples","France","Hauts-de-France","50.52194","1.63319","50.52194, 1.63319"
"ettlingen_DE_gid_2928615","Ettlingen","Germany","Baden-Wurttemberg","48.94094","8.40763","48.94094, 8.40763"
"évora_PT_gid_8010502","Évora","Portugal","Évora","38.5665","-7.8946","38.5665, -7.8946"
"eythra_DE_gid_2928237","Eythra","Germany","Saxony","51.23046","12.29497","51.23046, 12.29497"
"falkland_palace_GB_gid_unknown","Falkland Palace","United Kingdom","Scotland","56.254255","-3.206362","56.254255, -3.206362"
"ferrara_IT_gid_3177090","Ferrara","Italy","Emilia-Romagna","44.84346","11.60868","44.84346, 11.60868"
"florence_IT_gid_3176959","Florence","Italy","Tuscany","43.77925","11.24626","43.77925, 11.24626"
"florennes_BE_gid_2798276","Florennes","Belgium","Wallonia","50.25127","4.60636","50.25127, 4.60636"
"forlì_IT_gid_3176746","Forlì","Italy","Emilia-Romagna","44.22054","12.05245","44.22054, 12.05245"
"frampton_GB_gid_2649102","Frampton","United Kingdom","England","52.93436","-0.03004","52.93436, -0.03004"
"franeker_NL_gid_2755845","Franeker","Netherlands","Friesland","53.18546","5.54123","53.18546, 5.54123"
"frankfurt_am_main_DE_gid_2925533","Frankfurt am Main","Germany","Hesse","50.11552","8.68417","50.11552, 8.68417"
"fraterhaus_weidenbach_DE_gid_unknown","Fraterhaus Weidenbach","Germany","North-Rhine-Westphalia","50.94642554706968","6.951564236305118","50.94642554706968, 6.951564236305118"
"freiburg_DE_gid_2925177","Freiburg im Breisgau","Germany","Baden-Wurttemberg","47.9959","7.85222","47.9959, 7.85222"
"friemersheim_castle_DE_gid_unknown","Schloss Friemersheim","Germany","North-Rhine-Westphalia","51.37997","6.70382","51.37997, 6.70382"
"frombork_PL_gid_3099634","Frombork","Poland","Warmia-Masuria","54.35766","19.68029","54.35766, 19.68029"
"gaeta_IT_gid_3176438","Gaeta","Italy","Lazio","41.21408","13.57082","41.21408, 13.57082"
"gavere_BE_gid_","Gavere","Belgium","Flanders","50.92917","3.66184","50.92917, 3.66184"
"gdańsk_PL_gid_3099434","Gdansk","Poland","Pomerania","54.35205","18.64637","54.35205, 18.64637"
"gembloux_BE_gid_2797713","Gembloux","Belgium","Wallonia","50.56149","4.69889","50.56149, 4.69889"
"genève_CH_gid_2660646","Geneva","Switzerland","Geneva","46.20222","6.14569","46.20222, 6.14569"
"genoa_IT_gid_3176219","Genoa","Italy","Liguria","44.4264","8.91519","44.4264, 8.91519"
"gentilly_FR_gid_3016292","Gentilly","France","Île-de-France","48.81294","2.3417","48.81294, 2.3417"
"gent_BE_gid_2797656","Ghent","Belgium","Flanders","51.05","3.71667","51.05, 3.71667"
"gittelde_DE_gid_2920268","Gittelde","Germany","Lower Saxony","51.7984","10.1878","51.7984, 10.1878"
"glarus_CH_gid_2660594","Glarus","Switzerland","Glarus","47.04057","9.06804","47.04057, 9.06804"
"glastonbury_abbey_GB_gid_7627243","Glastonbury Abbey","United Kingdom","England","51.14605","-2.71474","51.14605, -2.71474"
"glauchau_DE_gid_2920020","Glauchau","Germany","Saxony","50.81987","12.54493","50.81987, 12.54493"
"gniezno_PL_gid_3099112","Gniezno","Poland","Greater Poland","52.53481","17.58259","52.53481, 17.58259"
"gorinchem_NL_gid_2755434","Gorinchem","Netherlands","South Holland","51.83652","4.97243","51.83652, 4.97243"
"gotha_DE_gid_2918752","Gotha","Germany","Thuringia","50.94823","10.70193","50.94823, 10.70193"
"gouda_NL_gid_2755420","Gouda","Netherlands","South Holland","52.01667","4.70833","52.01667, 4.70833"
"granada_ES_gid_2517117","Granada","Spain","Andalusia","37.18817","-3.60667","37.18817, -3.60667"
"grande_chartreuse_gid_12096340","Grande Chartreuse","France","Auvergne-Rhône-Alpes","45.3634","5.79359","45.3634, 5.79359"
"grandson_CH_gid_2660529","Grandson","Switzerland","Vaud","46.80946","6.646","46.80946, 6.646"
"grave_NL_gid_2755358","Grave","Netherlands","North Brabant","51.75902","5.73882","51.75902, 5.73882"
"greenwich_GB_gid_2647937","Greenwich","United Kingdom","England","51.47785","-0.01176","51.47785, -0.01176"
"grenoble_FR_gid_3014728","Grenoble","France","Auvergne-Rhône-Alpes","45.16667","5.71667","45.16667, 5.71667"
"grezzana_IT_gid_3175830","Grezzana","Italy","Veneto","45.52272","11.01743","45.52272, 11.01743"
"grijpskerke_NL_gid_2755315","Grijpskerke","Netherlands","Zeeland","51.53417","3.56111","51.53417, 3.56111"
"grimma_DE_gid_2917325","Grimma","Germany","Saxony","51.23367","12.71959","51.23367, 12.71959"
"groningen_NL_gid_2755251","Groningen","Netherlands","Groningen","53.21917","6.56667","53.21917, 6.56667"
"großenehrich_DE_gid_2916643","Großenehrich","Germany","Thuringia","51.24838","10.83458","51.24838, 10.83458"
"groß_gerau_DE_gid_2915613","Groß-Gerau","Germany","Hesse","49.92139","8.48255","49.92139, 8.48255"
"guadalajara_ES_gid_3121070","Guadalajara","Spain","Castille-La Mancha","40.62862","-3.16185","40.62862, -3.16185"
"gubbio_IT_gid_3175687","Gubbio","Italy","Umbria","43.34996","12.57309","43.34996, 12.57309"
"gunzenhausen_DE_gid_2913537","Gunzenhausen","Germany","Bavaria","49.11663","10.75971","49.11663, 10.75971"
"gutenberg_DE_gid_2913408","Gutenberg","Germany","Bavaria","47.95187","10.71479","47.95187, 10.71479"
"gut_bewinden_DE_gid_unknown","Gut Bewinden","Germany","Baden-Wurttemberg","48.38724","9.66389","48.38724, 9.66389"
"haarlem_NL_gid_2755003","Haarlem","Netherlands","North Holland","52.38084","4.63683","52.38084, 4.63683"
"hackforth_GB_gid_2647701","Hackforth","United Kingdom","England","54.33657","-1.62563","54.33657, -1.62563"
"haguenau_FR_gid_3014078","Haguenau","France","Grand Est","48.81557","7.79051","48.81557, 7.79051"
"halgehausen_DE_gid_2911550","Halgehausen","Germany","Hesse","51.02847","8.94004","51.02847, 8.94004"
"halle_(saale)_DE_gid_2911522","Halle (Saale)","Germany","Saxony-Anhalt","51.5","12","51.5, 12"
"halling_GB_gid_2647616","Halling","United Kingdom","England","51.35142","0.4452","51.35142, 0.4452"
"halsteren_NL_gid_2754922","Halsteren","Netherlands","North Brabant","51.52834","4.26785","51.52834, 4.26785"
"hambach_castle_DE_gid_unknown","Schloss Hambach","Germany","North-Rhine-Westphalia","50.89903","6.44452","50.89903, 6.44452"
"hammelburg_DE_gid_2911214","Hammelburg","Germany","Bavaria","50.11633","9.89143","50.11633, 9.89143"
"hammes_castle_FR_gid_unknown","Hammes // Hammes castle","France","Hauts-de-France","50.88178","1.84338","50.88178, 1.84338"
"hampton_court_palace_GB_gid_7627255","Hampton Court Palace","United Kingdom","England","51.40309","-0.33697","51.40309, -0.33697"
"hasselt_BE_gid_2796491","Hasselt","Belgium","Flanders","50.93106","5.33781","50.93106, 5.33781"
"haunstetten_DE_gid_2909053","Haunstetten","Germany","Bavaria","48.3122","10.9005","48.3122, 10.9005"
"heemstede_NL_gid_2754692","Heemstede","Netherlands","North Holland","52.34992","4.62301","52.34992, 4.62301"
"heeze_NL_gid_2754618","Heeze","Netherlands","North Brabant","51.3828","5.57145","51.3828, 5.57145"
"heidelberg_DE_gid_2907911","Heidelberg","Germany","Baden-Wurttemberg","49.40768","8.69079","49.40768, 8.69079"
"henley_on_thames_GB_gid_2647101","Henley on Thames","United Kingdom","England","51.53333","-0.9","51.53333, -0.9"
"herborn_DE_gid_2906199","Herborn","Germany","Hesse","50.68135","8.30369","50.68135, 8.30369"
"herešin_HR_gid_3199387","Herešin","Croatia","Koprivinica-Krizevci","46.17972","16.86833","46.17972, 16.86833"
"hermsdorf_DE_gid_2905909","Hermsdorf","Germany","Saxony","51.1692","13.82235","51.1692, 13.82235"
"hever_castle_GB_gid_6286339","Hever Castle","United Kingdom","England","51.18692","0.11381","51.18692, 0.11381"
"hohenschelklingen_castle_DE_gid_2901496","Burg Hohenschelklingen","Germany","Baden-Wurttemberg","48.38333","9.73333","48.38333, 9.73333"
"holtwick_DE_gid_2900069","Holtwick","Germany","North-Rhine-Westphalia","52.00713","7.12961","52.00713, 7.12961"
"holyrood_palace_in_edinburgh_GB_gid_unknown","Holyrood Palace in Edinburgh","United Kingdom","Scotland","55.9526083","-3.1718239","55.9526083, -3.1718239"
"homberg_DE_gid_2899478","Homberg (Efze)","Germany","Hesse","51.02994","9.40261","51.02994, 9.40261"
"hondschoote_FR_gid_3013174","Hondschoote","France","Hauts-de-France","50.978","2.58372","50.978, 2.58372"
"hoogstraten_BE_gid_2795398","Hoogstraten","Belgium","Flanders","51.40029","4.76034","51.40029, 4.76034"
"hoorn_NL_gid_2753636","Hoorn","Netherlands","Friesland","53.39705","5.34502","53.39705, 5.34502"
"hoorn_NL_gid_2753638","Hoorn","Netherlands","North Holland","52.6425","5.05972","52.6425, 5.05972"
"horb_am_neckar_DE_gid_2899101","Horb am Neckar","Germany","Baden-Wurttemberg","48.44423","8.6913","48.44423, 8.6913"
"horncastle_GB_gid_2646595","Horncastle","United Kingdom","England","53.20775","-0.1172","53.20775, -0.1172"
"houtem_BE_gid_2795269","Houtem","Belgium","Flanders","51.01077","2.60946","51.01077, 2.60946"
"huy_BE_gid_2795113","Huy","Belgium","Wallonia Region","50.51894","5.23284","50.51894, 5.23284"
"ingolstadt_DE_gid_2895992","Ingolstadt","Germany","Bavaria","48.76508","11.42372","48.76508, 11.42372"
"innsbruck_AT_gid_2775220","Innsbruck","Austria","Tyrol","47.26266","11.39454","47.26266, 11.39454"
"ipswich_GB_gid_2646057","Ipswich","United Kingdom","England","52.05917","1.15545","52.05917, 1.15545"
"irákleion_GR_gid_261745","Heraklion","Greece","Crete","35.32787","25.14341","35.32787, 25.14341"
"isny_im_allgäu_DE_gid_2895638","Isny im Allgäu","Germany","Baden-Wurttemberg","47.6926","10.03857","47.6926, 10.03857"
"İstanbul_TR_gid_745044","Istanbul","Turkey","Istanbul","41.01384","28.94966","41.01384, 28.94966"
"jáchymov_CZ_gid_3074587","Jáchymov","Czech Republic","Karlovarský kraj","50.35846","12.93465","50.35846, 12.93465"
"jena_DE_gid_2895044","Jena","Germany","Thuringia","50.92878","11.5899","50.92878, 11.5899"
"jülich_DE_gid_2894553","Jülich","Germany","North-Rhine-Westphalia","50.92149","6.36267","50.92149, 6.36267"
"jussey_FR_gid_3012026","Jussey","France","Bourgogne-Franche-Comté","47.82536","5.90193","47.82536, 5.90193"
"kaiserslautern_DE_gid_2894003","Kaiserslautern","Germany","Rheinland-Pfalz","49.443","7.77161","49.443, 7.77161"
"kaliningrad_RU_gid_554234","Kaliningrad","Russia","Kaliningrad Oblast","54.70649","20.51095","54.70649, 20.51095"
"kalisz_PL_gid_3096880","Kalisz","Poland","Greater Poland","51.76109","18.09102","51.76109, 18.09102"
"kalkar_DE_gid_2893837","Kalkar","Germany","North-Rhine-Westphalia","51.73907","6.29101","51.73907, 6.29101"
"kalkreuth_DE_gid_2893775","Kalkreuth","Germany","Saxony","51.27688","13.6284","51.27688, 13.6284"
"kampen_NL_gid_2753106","Kampen","Netherlands","Overijssel","52.555","5.91111","52.555, 5.91111"
"kappel_CH_gid_2660189","Kappel","Switzerland","Zurich","47.22811","8.52727","47.22811, 8.52727"
"karlstadt_DE_gid_2892786","Karlstadt am Main","Germany","Bavaria","49.96034","9.77239","49.96034, 9.77239"
"kassel_DE_gid_2892518","Kassel","Germany","Hesse","51.31667","9.5","51.31667, 9.5"
"kaufbeuren_DE_gid_2892080","Kaufbeuren","Germany","Bavaria","47.88238","10.62192","47.88238, 10.62192"
"kayserberg_FR_gid_3011969","Kaysersberg","France","Grand Est","48.13803","7.26385","48.13803, 7.26385"
"kelheim_DE_gid_2891834","Kelheim","Germany","Bavaria","48.91725","11.88618","48.91725, 11.88618"
"kimbolton_GB_gid_2645536","Kimbolton","United Kingdom","England","52.29704","-0.38916","52.29704, -0.38916"
"kirchberg_DE_gid_2890656","Kirchberg","Germany","North-Rhine-Westphalia","50.89814","6.35297","50.89814, 6.35297"
"kleinlangheim_DE_gid_2888584","Kleinlangheim","Germany","Bavaria","49.77087","10.2843","49.77087, 10.2843"
"kloster_DE_gid_2887561","Kloster","Germany","Lower Saxony","53.53178","7.76666","53.53178, 7.76666"
"kloster_hirsau_DE_gid_11398244","Monastery Hirsau","Germany","Baden-Wurttemberg","48.7378","8.7321","48.7378, 8.7321"
"kloster_ottobeuren_DE_gid_8030045","Ottobeuren Abbey","Germany","Bavaria","47.9413","10.29971","47.9413, 10.29971"
"knole_GB_gid_2645106","Knole","United Kingdom","England","51.25","0.21667","51.25, 0.21667"
"koblenz_DE_gid_2886946","Koblenz","Germany","Rheinland-Pfalz","50.35357","7.57884","50.35357, 7.57884"
"köln_DE_gid_2886242","Cologne","Germany","North-Rhine-Westphalia","50.93333","6.95","50.93333, 6.95"
"koningsdal_charterhouse_BE_gid_unknown","Koningsdal Charterhouse","Belgium","Flanders","50.8901397","3.5988004","50.8901397, 3.5988004"
"konstanz_DE_gid_2885679","Konstanz","Germany","Baden-Wurttemberg","47.66033","9.17582","47.66033, 9.17582"
"koper_SI_gid_3197753","Koper","Slovenia","Koper","45.54694","13.72944","45.54694, 13.72944"
"korčula_HR_gid_3197710","Korčula","Croatia","Dubrovačko-Neretvanska Županija","42.96222","17.13694","42.96222, 17.13694"
"kortenhoef_NL_gid_2752409","Kortenhoef","Netherlands","North Holland","52.23917","5.10694","52.23917, 5.10694"
"kortrijk_BE_gid_2794055","Kortrijk","Belgium","Flanders","50.82803","3.26487","50.82803, 3.26487"
"košice_SK_gid_724443","Košice","Slovakia","Kosice","48.71395","21.25808","48.71395, 21.25808"
"kostelec_nad_labem_CZ_gid_3073151","Kostelec nad Labem","Czech Republic","Central Bohemia","50.22653","14.58552","50.22653, 14.58552"
"kraków_PL_gid_3094802","Krakow","Poland","Lesser Poland","50.06143","19.93658","50.06143, 19.93658"
"kroměříž_CZ_gid_3072649","Kroměříž","Czech Republic","Zlín","49.29785","17.39312","49.29785, 17.39312"
"krzycko_małe_PL_gid_3094471","Krzycko Małe","Poland","Greater Poland","51.89335","16.44852","51.89335, 16.44852"
"kłodzko_PL_gid_3096053","Kłodzko","Poland","Lower Silesia","50.43488","16.66145","50.43488, 16.66145"
"ladenburg_DE_gid_2881980","Ladenburg","Germany","Baden-Wurttemberg","49.47307","8.60896","49.47307, 8.60896"
"lambeth_GB_gid_6545250","Lambeth","United Kingdom","England","51.49635","-0.11152","51.49635, -0.11152"
"landau_an_der_isar_DE_gid_2881650","Landau an der Isar","Germany","Bavaria","48.67249","12.69316","48.67249, 12.69316"
"landau_in_der_pfalz_DE_gid_2881646","Landau","Germany","Rheinland-Pfalz","49.19844","8.11692","49.19844, 8.11692"
"landbeach_GB_gid_6284113","Landbeach","United Kingdom","England","52.26448","0.16226","52.26448, 0.16226"
"landsberg_am_lech_DE_gid_2881509","Landsberg am Lech","Germany","Bavaria","48.04819","10.88282","48.04819, 10.88282"
"langbroek_NL_gid_2750473","Langbroek","Netherlands","Utrecht","52.0125","5.32778","52.0125, 5.32778"
"langenargen_DE_gid_2881263","Langenargen","Germany","Baden-Wurttemberg","47.59858","9.54163","47.59858, 9.54163"
"langenfeld_DE_gid_2881088","Langenfeld","Germany","Bavaria","49.61667","10.51667","49.61667, 10.51667"
"la_ferté_bernard_FR_gid_3009494","La Ferté-Bernard","France","Pays de la Loire","48.18633","0.65357","48.18633, 0.65357"
"la_roche_canillac_FR_gid_3006802","La Roche-Canillac","France","Nouvelle-Aquitaine","45.19559","1.96686","45.19559, 1.96686"
"la_roche_morey_FR_gid_2991835","La Roche-Morey","France","Bourgogne-Franche-Comté","47.7","5.73333","47.7, 5.73333"
"ledeberg_BE_gid_2793070","Ledeberg","Belgium","Flanders","51.03859","3.74458","51.03859, 3.74458"
"leeuwarden_NL_gid_2751792","Leeuwarden","Netherlands","Friesland","53.20139","5.80859","53.20139, 5.80859"
"lehr_DE_gid_2879385","Lehr","Germany","Baden-Wurttemberg","48.43239","9.96906","48.43239, 9.96906"
"leicester_abbey_GB_gid_unknown","Leicester Abbey","United Kingdom","England","52.648611","-1.136944","52.648611, -1.136944"
"leiden_NL_gid_2751773","Leiden","Netherlands","South Holland","52.15833","4.49306","52.15833, 4.49306"
"leipzig_DE_gid_2879139","Leipzig","Germany","Saxony","51.33962","12.37129","51.33962, 12.37129"
"lens_st_croix_BE_gid_unknown","Lens St. Croix","Belgium","Wallonia Region","50.51894","5.23284","50.51894, 5.23284"
"leutkirch_im_allgäu_DE_gid_2878270","Leutkirch","Germany","Baden-Wurttemberg","47.82672","10.0205","47.82672, 10.0205"
"leuven_BE_gid_2792482","Leuven","Belgium","Flanders","50.87959","4.70093","50.87959, 4.70093"
"levoča_SK_gid_724294","Levoča","Slovakia","Presov","49.02173","20.59212","49.02173, 20.59212"
"le_mont_saint_michel_FR_gid_6615358","Le Mont-Saint-Michel","France","Normandy","48.63603","-1.51208","48.63603, -1.51208"
"lidzbark_warmiński_PL_gid_766307","Lidzbark Warmiński","Poland","Warmia-Masuria","54.12588","20.57954","54.12588, 20.57954"
"liège_BE_gid_2792413","Liège","Belgium","Wallonia","50.63373","5.56749","50.63373, 5.56749"
"lier_BE_gid_2792397","Lier","Belgium","Flanders","51.13128","4.57041","51.13128, 4.57041"
"lille_FR_gid_2998324","Lille","France","Hauts-de-France","50.63297","3.05858","50.63297, 3.05858"
"linlithgow_palace_GB_gid_7532663","Linlithgow Palace","United Kingdom","Scotland","55.9785","-3.60111","55.9785, -3.60111"
"linz_AT_gid_2772400","Linz","Austria","Upper Austria","48.30639","14.28611","48.30639, 14.28611"
"lisbon_PT_gid_2267057","Lisbon","Portugal","Lisbon","38.71667","-9.13333","38.71667, -9.13333"
"lobstädt_DE_gid_2876685","Lobstädt","Germany","Saxony","51.13361","12.44861","51.13361, 12.44861"
"locarno_CH_gid_2659869","Locarno","Switzerland","Ticino","46.17086","8.79953","46.17086, 8.79953"
"lochau_DE_gid_2876645","Lochau","Germany","Saxony-Anhalt","51.39738","12.05303","51.39738, 12.05303"
"london_GB_gid_2643743","London","United Kingdom","England","51.50853","-0.12574","51.50853, -0.12574"
"lopsen_monastery_NL_gid_unknown","Monastery Lopsen","Netherlands","South Holland","52.1616039439175","4.48927148421804","52.1616039439175, 4.48927148421804"
"lübeck_DE_gid_2875601","Lübeck","Germany","Schleswig-Holstein","53.86893","10.68729","53.86893, 10.68729"
"lucca_IT_gid_3174530","Lucca","Italy","Tuscany","43.8497","10.47234","43.8497, 10.47234"
"lüneburg_DE_gid_2875115","Lüneburg","Germany","Lower Saxony","53.2509","10.41409","53.2509, 10.41409"
"lure_FR_gid_2997076","Lure","France","Bourgogne-Franche-Comté","47.68333","6.5","47.68333, 6.5"
"lützel_abbey_FR_gid_11071524","Lützel Abbey","France","Grand Est","47.42175480339986","7.2463864585907","47.42175480339986, 7.2463864585907"
"luzern_CH_gid_2659811","Lucerne","Switzerland","Lucerne","47.05048","8.30635","47.05048, 8.30635"
"lyon_FR_gid_2996944","Lyon","France","Auvergne-Rhône-Alpes","45.74846","4.84671","45.74846, 4.84671"
"lœuilly_FR_gid_2997929","Lœuilly","France","Hauts-de-France","49.78333","2.16667","49.78333, 2.16667"
"maaseik_BE_gid_2791964","Maaseik","Belgium","Flanders","51.09802","5.78379","51.09802, 5.78379"
"maastricht_NL_gid_2751283","Maastricht","Netherlands","Limburg","50.84833","5.68889","50.84833, 5.68889"
"madrid_ES_gid_3117735","Madrid","Spain","Madrid","40.4165","-3.70256","40.4165, -3.70256"
"mainz_DE_gid_2874225","Mainz","Germany","Rheinland-Pfalz","49.98419","8.2791","49.98419, 8.2791"
"maldegem_BE_gid_2791857","Maldegem","Belgium","Flanders","51.20737","3.44511","51.20737, 3.44511"
"malshanger_GB_gid_unknown","Malshanger","United Kingdom","England","56.06667","-3.55","56.06667, -3.55"
"manoir_la_cour_des_pins_FR_gid_unknown","Manoir la Cour-des-Pins","France","Pays de la Loire","47.69815","-0.07553","47.69815, -0.07553"
"mantgum_NL_gid_2751212","Mantgum","Netherlands","Friesland","53.12865","5.71924","53.12865, 5.71924"
"mantova_IT_gid_3174051","Mantova","Italy","Lombardy","45.16031","10.79784","45.16031, 10.79784"
"marburg_an_der_lahn_DE_gid_2873759","Marburg","Germany","Hesse","50.80904","8.77069","50.80904, 8.77069"
"marly_la_ville_FR_gid_2995653","Marly-la-Ville","France","Île-de-France","49.08201","2.50347","49.08201, 2.50347"
"marville_FR_gid_2995336","Marville","France","Grand Est","49.45215","5.45486","49.45215, 5.45486"
"meaux_FR_gid_2994798","Meaux","France","Île-de-France","48.96014","2.87885","48.96014, 2.87885"
"mechelen_BE_gid_2791537","Mechelen","Belgium","Flanders","51.02574","4.47762","51.02574, 4.47762"
"mediaş_RO_gid_673634","Mediaş","Romania","Sibiu","46.16667","24.35","46.16667, 24.35"
"meerbeke_BE_gid_2791507","Meerbeke","Belgium","Flanders","50.82444","4.03674","50.82444, 4.03674"
"meissen_DE_gid_2872155","Meissen","Germany","Saxony","51.16158","13.4737","51.16158, 13.4737"
"melsungen_DE_gid_2872028","Melsungen","Germany","Hesse","51.13029","9.55236","51.13029, 9.55236"
"memmingen_DE_gid_2871992","Memmingen","Germany","Bavaria","47.98372","10.18527","47.98372, 10.18527"
"menaggio_IT_gid_3173598","Menaggio","Italy","Lombardy","46.02075","9.23907","46.02075, 9.23907"
"mengeringhausen_DE_gid_2871962","Mengeringhausen","Germany","Hesse","51.36701","8.98845","51.36701, 8.98845"
"mesocco_CH_gid_2659676","Mesocco","Switzerland","Canton Grisons","46.39037","9.23323","46.39037, 9.23323"
"mettmann_DE_gid_2871535","Mettmann","Germany","North-Rhine-Westphalia","51.2504","6.97536","51.2504, 6.97536"
"metz_FR_gid_2994160","Metz","France","Grand Est","49.11911","6.17269","49.11911, 6.17269"
"middelburg_NL_gid_2750896","Middelburg","Netherlands","Zeeland","51.5","3.61389","51.5, 3.61389"
"milano_IT_gid_3173435","Milan","Italy","Lombardy","45.46427","9.18951","45.46427, 9.18951"
"mirsk_PL_gid_3091686","Mirsk","Poland","Lower Silesia","50.97054","15.38567","50.97054, 15.38567"
"modena_IT_gid_3173331","Modena","Italy","Emilia-Romagna","44.64783","10.92539","44.64783, 10.92539"
"mollis_CH_gid_2659636","Mollis","Switzerland","Glarus","47.08878","9.07242","47.08878, 9.07242"
"monasterio_de_yuste_ES_gid_6452898","Monasterio de Yuste","Spain","Extremadura","40.11385","-5.73869","40.11385, -5.73869"
"monastery_bois_saint_martin_BE_gid_unknown","Monastery Bois-Saint-Martin //  St Maartensbos","Belgium","Flanders","50.803859","3.820659","50.803859, 3.820659"
"monastery_hugshofen_FR_gid_unknown","Monastery Hugshofen","France","Grand Est","48.3494","7.2828","48.3494, 7.2828"
"mons_BE_gid_2790869","Mons","Belgium","Wallonia Region","50.45413","3.95229","50.45413, 3.95229"
"montabaur_DE_gid_2869746","Montabaur","Germany","Rheinland-Pfalz","50.43588","7.8232","50.43588, 7.8232"
"montbéliard_FR_gid_2992938","Montbéliard","France","Bourgogne-Franche-Comté","47.51667","6.8","47.51667, 6.8"
"montpellier_FR_gid_2992166","Montpellier","France","Occitanie","43.61092","3.87723","43.61092, 3.87723"
"more_palace_GB_gid_unknown","The More Palace","United Kingdom","England","51.6343","-0.439356","51.6343, -0.439356"
"motta_di_livenza_IT_gid_3172508","Motta di Livenza","Italy","Veneto","45.77552","12.60411","45.77552, 12.60411"
"mühlebach_CH_gid_2659562","Mühlebach","Switzerland","Valais","46.40776","8.15716","46.40776, 8.15716"
"mulhouse_FR_gid_2991214","Mulhouse","France","Grand Est","47.75","7.33333","47.75, 7.33333"
"munich_DE_gid_2867714","Munich","Germany","Bavaria","48.13743","11.57549","48.13743, 11.57549"
"murano_IT_gid_3172456","Murano","Italy","Veneto","45.45857","12.35683","45.45857, 12.35683"
"mussy_sur_seine_FR_gid_2991095","Mussy-sur-Seine","France","Grand Est","47.97791","4.49743","47.97791, 4.49743"
"mutten_CH_gid_2659523","Mutten","Switzerland","Canton Grisons","46.67812","9.49996","46.67812, 9.49996"
"naaldwijk_NL_gid_2750523","Naaldwijk","Netherlands","South Holland","51.99417","4.20972","51.99417, 4.20972"
"napoli_IT_gid_3172394","Naples","Italy","Campania","40.85631","14.24641","40.85631, 14.24641"
"nastätten_DE_gid_2866990","Nastätten","Germany","Rheinland-Pfalz","50.19883","7.85892","50.19883, 7.85892"
"neef_DE_gid_2866714","Neef","Germany","Rheinland-Pfalz","50.1","7.13333","50.1, 7.13333"
"nellingen_DE_gid_2866561","Nellingen","Germany","Baden-Wurttemberg","48.54196","9.79053","48.54196, 9.79053"
"nérac_DE_gid_2990780","Nérac","France","Nouvelle-Aquitaine","44.13333","0.35","44.13333, 0.35"
"neuburg_an_der_donau_DE_gid_2866070","Neuburg an der Donau","Germany","Bavaria","48.73218","11.18709","48.73218, 11.18709"
"neuchâtel_CH_gid_2659496","Neuchâtel","Switzerland","Neuchâtel","46.99179","6.931","46.99179, 6.931"
"neugiersberg_CH_gid_11568164","Neu-Giersberg","Switzerland","Thurgau","47.64564","9.14973","47.64564, 9.14973"
"neuvy_sur_loire_FR_gid_2990479","Neuvy-sur-Loire","France","Bourgogne-Franche-Comté","47.52323","2.88333","47.52323, 2.88333"
"nidda_DE_gid_2863716","Nidda","Germany","Hesse","50.4133","9.00638","50.4133, 9.00638"
"niederheimbach_DE_gid_2863341","Niederheimbach","Germany","Rheinland-Pfalz","50.03333","7.81667","50.03333, 7.81667"
"nieuwkerke_BE_gid_2790165","Nieuwkerke","Belgium","Flanders","50.74709","2.8286","50.74709, 2.8286"
"nieuwpoort_BE_gid_2790150","Nieuwpoort","Belgium","Flanders","51.13008","2.75135","51.13008, 2.75135"
"nijmegen_NL_gid_2750053","Nijmegen","Netherlands","Gelderland","51.8425","5.85278","51.8425, 5.85278"
"nola_IT_gid_3172227","Nola","Italy","Campania","40.92606","14.52816","40.92606, 14.52816"
"nordhausen_DE_gid_2861982","Nordhausen","Germany","Thuringia","51.5018","10.7957","51.5018, 10.7957"
"noto_IT_gid_2523998","Noto","Italy","Sicily","36.89244","15.06977","36.89244, 15.06977"
"noves_FR_gid_2989935","Noves","France","Provence-Alpes-Côte d'Azur","43.87736","4.90248","43.87736, 4.90248"
"nowy_wiśnicz_PL_gid_763521","Nowy Wiśnicz","Poland","Lesser Poland","49.91465","20.46109","49.91465, 20.46109"
"nozeroy_FR_gid_2989871","Nozeroy","France","Bourgogne-Franche-Comté","46.77457","6.03636","46.77457, 6.03636"
"nürnberg_DE_gid_2861650","Nuremberg","Germany","Bavaria","49.45421","11.07752","49.45421, 11.07752"
"nysa_PL_gid_3090436","Nysa","Poland","Opole Voivodeship","50.47379","17.33437","50.47379, 17.33437"
"ochsenfurt_DE_gid_2858333","Ochsenfurt","Germany","Bavaria","49.66429","10.06227","49.66429, 10.06227"
"odos_FR_gid_2989742","Odos","France","Occitanie","43.19622","0.05693","43.19622, 0.05693"
"offenburg_DE_gid_2857798","Offenburg","Germany","Baden-Wurttemberg","48.47377","7.94495","48.47377, 7.94495"
"olmedo_ES_gid_3115118","Olmedo","Spain","Castille and León","41.28706","-4.68878","41.28706, -4.68878"
"olomouc_CZ_gid_3069011","Olomouc","Czech Republic","Olomoucký kraj","49.59552","17.25175","49.59552, 17.25175"
"ordingen_BE_gid_2789640","Ordingen","Belgium","Flanders","50.8132","5.23499","50.8132, 5.23499"
"orléans_FR_gid_2989317","Orléans","France","Centre-Val de Loire","47.90289","1.90389","47.90289, 1.90389"
"otford_GB_gid_2640860","Otford","United Kingdom","England","51.31283","0.19046","51.31283, 0.19046"
"oxford_GB_gid_2640729","Oxford","United Kingdom","England","51.75222","-1.25596","51.75222, -1.25596"
"padova_IT_gid_3171728","Padua","Italy","Veneto","45.40797","11.88586","45.40797, 11.88586"
"palencia_ES_gid_3114531","Palencia","Spain","Castille and León","42.00955","-4.52406","42.00955, -4.52406"
"palermo_IT_gid_2523920","Palermo","Italy","Sicily","38.13205","13.33561","38.13205, 13.33561"
"paris_FR_gid_2988507","Paris","France","Île-de-France","48.85341","2.3488","48.85341, 2.3488"
"passau_DE_gid_2855328","Passau","Germany","Bavaria","48.5665","13.43122","48.5665, 13.43122"
"passy_IT_gid_2988394","Paris 16 Passy","France","Île-de-France","48.8637","2.2769","48.8637, 2.2769"
"pavia_IT_gid_3171366","Pavia","Italy","Lombardy","45.19205","9.15917","45.19205, 9.15917"
"penne_IT_gid_3171247","Penne","Italy","Abruzzo","42.45474","13.92754","42.45474, 13.92754"
"perugia_IT_gid_3171180","Perugia","Italy","Umbria","43.1122","12.38878","43.1122, 12.38878"
"pforzheim_DE_gid_2853969","Pforzheim","Germany","Baden-Wurttemberg","48.88436","8.69892","48.88436, 8.69892"
"pińczów_PL_gid_762201","Pińczów","Poland","Świętokrzyskie","50.52052","20.52649","50.52052, 20.52649"
"piotrków_trybunalski_PL_gid_3088972","Piotrkow Trybunalski","Poland","Łódź Voivodeship","51.40547","19.70321","51.40547, 19.70321"
"pontremoli_IT_gid_3170191","Pontremoli","Italy","Tuscany","44.37515","9.87888","44.37515, 9.87888"
"porrentruy_CH_gid_2659171","Porrentruy","Switzerland","Jura","47.41533","7.07522","47.41533, 7.07522"
"pozoblanco_ES_gid_2512340","Pozoblanco","Spain","Andalusia","38.37906","-4.84827","38.37906, -4.84827"
"prague_CZ_gid_3067696","Prague","Czech Republic","Hlavní město Praha","50.08804","14.42076","50.08804, 14.42076"
"priero_IT_gid_6534298","Priero","Italy","Piedmont","44.37604","8.09334","44.37604, 8.09334"
"putney_GB_gid_2639835","Putney","United Kingdom","England","51.46072","-0.21814","51.46072, -0.21814"
"płock_PL_gid_3088825","Płock","Poland","Masovian","52.54682","19.70638","52.54682, 19.70638"
"rabeneck_DE_gid_2851241","Rabeneck","Germany","Bavaria","49.82268","11.32691","49.82268, 11.32691"
"rambouillet_FR_gid_2984513","Rambouillet","France","Île-de-France","48.65","1.83333","48.65, 1.83333"
"ramstein_castle_FR_gid_11881144","Ramstein Castle","France","Grand Est","48.29443","7.38813","48.29443, 7.38813"
"reading_GB_gid_2639577","Reading","United Kingdom","England","51.45625","-0.97113","51.45625, -0.97113"
"rees_DE_gid_2849548","Rees","Germany","North-Rhine-Westphalia","51.7626","6.39778","51.76263, 6.39778"
"regensburg_DE_gid_2849483","Regensburg","Germany","Bavaria","49.01513","12.10161","49.01513, 12.10161"
"reggio_nell'emilia_IT_gid_3169522","Reggio nell'Emilia","Italy","Emilia-Romagna","44.69825","10.63125","44.69825, 10.63125"
"reinosa_ES_gid_3112075","Reinosa","Spain","Cantabria","42.99959","-4.13801","42.99959, -4.13801"
"rentweinsdorf_DE_gid_2848143","Rentweinsdorf","Germany","Bavaria","50.06342","10.79922","50.06342, 10.79922"
"rhenen_NL_gid_2748185","Rhenen","Netherlands","Utrecht","51.95917","5.56806","51.95917, 5.56806"
"richmond_palace_GB_gid_unknown","Richmond","United Kingdom","England","51.46171","-0.30633","51.46171, -0.30633"
"riga_LV_gid_456172","Riga","Latvia","Rīga","56.946","24.10589","56.946, 24.10589"
"rittershoffen_FR_gid_2983428","Rittershoffen","France","Grand Est","48.90304","7.9523","48.90304, 7.9523"
"rochester_GB_gid_2639268","Rochester","United Kingdom","England","51.38764","0.50546","51.38764, 0.50546"
"rome_IT_gid_3169070","Rome","Italy","Lazio","41.89193","12.51133","41.89193, 12.51133"
"ropsley_GB_gid_2639160","Ropsley","United Kingdom","England","52.89699","-0.52563","52.89699, -0.52563"
"rotterdam_NL_gid_2747891","Rotterdam","Netherlands","South Holland","51.9225","4.47917","51.9225, 4.47917"
"rouffach_FR_gid_2982636","Rouffach","France","Grand Est","47.95786","7.30016","47.95786, 7.30016"
"rovigo_IT_gid_3168843","Rovigo","Italy","Veneto","45.06982","11.79022","45.06982, 11.79022"
"saanen_CH_gid_2658904","Saanen","Switzerland","Bern","46.48956","7.25961","46.48956, 7.25961"
"saint_bel_castle_FR_gid_unknown","Saint-Bel Castle","France","Auvergne-Rhône-Alpes","45.81196","4.598472","45.81196, 4.598472"
"saint_bertin_FR_gid_12470210","Abbaye Saint-Bertin","France","Hauts-de-France","50.75083","2.26389","50.75083, 2.26389"
"saint_cybardeaux_FR_gid_2980987","Saint-Cybardeaux","France","Nouvelle-Aquitaine","45.76831","-0.02877","45.76831, -0.02877"
"saint_forgeux_FR_gid_2980094","Saint-Forgeux","France","Auvergne-Rhône-Alpes","45.85895","4.4748","45.85895, 4.4748"
"saint_germain_des_près_FR_gid_6693610","Saint-Germain-des-Prés","France","Île-de-France","48.85377","2.33331","48.85377, 2.33331"
"saint_germain_en_laye_FR_gid_2979783","Saint-Germain-en-Laye","France","Île-de-France","48.9","2.08333","48.9, 2.08333"
"saint_hubert_BE_gid_2787407","Saint-Hubert","Belgium","Wallonia","50.02668","5.37401","50.02668, 5.37401"
"saint_just_saint_rambert_FR_gid_2978997","Saint-Just-Saint-Rambert","France","Auvergne-Rhône-Alpes","45.49973","4.24141","45.49973, 4.24141"
"saint_laurent_sur_othain_FR_gid_2978867","Saint-Laurent-sur-Othain","France","Grand Est","49.39564","5.52764","49.39564, 5.52764"
"saint_omer_FR_gid_2977845","Saint-Omer","France","Hauts-de-France","50.75","2.25","50.75, 2.25"
"saint_symphorien_sur_coise_FR_gid_2976794","Saint-Symphorien-sur-Coise","France","Auvergne-Rhône-Alpes","45.632","4.45811","45.632, 4.45811"
"salamanca_ES_gid_3111108","Salamanca","Spain","Castille and León","40.96882","-5.66388","40.96882, -5.66388"
"salzburg_AT_gid_2766824","Salzburg","Austria","Salzburg","47.79941","13.04399","47.79941, 13.04399"
"sankt_gallen_CH_gid_2658822","Saint Gallen","Switzerland","Saint Gallen","47.42391","9.37477","47.42391, 9.37477"
"sankt_goar_DE_gid_2841611","Sankt Goar","Germany","Rheinland-Pfalz","50.14878","7.7072","50.14878, 7.7072"
"santiago_de_compostela_ES_gid_3109642","Santiago de Compostela","Spain","Galicia","42.88052","-8.54569","42.88052, -8.54569"
"sasbach_DE_gid_2841380","Sasbach","Germany","Baden-Wurttemberg","48.63971","8.09375","48.63971, 8.09375"
"sassenberg_DE_gid_2841351","Sassenberg","Germany","North-Rhine-Westphalia","51.99223","8.04068","51.99223, 8.04068"
"savona_IT_gid_3167022","Savona","Italy","Liguria","44.30905","8.47715","44.30905, 8.47715"
"schaffhausen_CH_gid_2658761","Schaffhausen","Switzerland","Schaffhausen","47.69732","8.63493","47.69732, 8.63493"
"schloss_neuhaus_AT_gid_2770774","Schloss Neuhaus","Austria","Upper Austria","48.41667","14","48.41667, 14"
"schneeberg_DE_gid_2837470","Schneeberg","Germany","Saxony","50.59465","12.64139","50.59465, 12.64139"
"schwäbisch_gmünd_DE_gid_2835482","Schwäbisch Gmünd","Germany","Baden-Wurttemberg","48.79947","9.79809","48.79947, 9.79809"
"schwaz_AT_gid_2765390","Schwaz","Austria","Tyrol","47.35169","11.71014","47.35169, 11.71014"
"schweinfurt_DE_gid_2834498","Schweinfurt","Germany","Bavaria","50.04937","10.22175","50.04937, 10.22175"
"schweinitz_DE_gid_2834488","Schweinitz","Germany","Saxony-Anhalt","51.7945","13.02258","51.7945, 13.02258"
"sedan_FR_gid_2975349","Sedan","France","Grand Est","49.7","4.95","49.7, 4.95"
"segovia_ES_gid_3109256","Segovia","Spain","Castille and León","40.94808","-4.11839","40.94808, -4.11839"
"segura_de_león_ES_gid_2510967","Segura de León","Spain","Extremadura","38.11667","-6.51667","38.11667, -6.51667"
"sélestat_FR_gid_2975233","Sélestat","France","Grand Est","48.26667","7.45","48.26667, 7.45"
"seußlitz_DE_gid_2832861","Seußlitz","Germany","Saxony","51.24279","13.4198","51.24279, 13.4198"
"sevilla_ES_gid_2510911","Seville","Spain","Andalusia","37.38283","-5.97317","37.38283, -5.97317"
"sibiu_RO_gid_667268","Sibiu","Romania","Sibiu","45.8","24.15","45.8, 24.15"
"siena_IT_gid_3166548","Siena","Italy","Tuscany","43.31822","11.33064","43.31822, 11.33064"
"simtshausen_DE_gid_2831956","Simtshausen","Germany","Hesse","50.94135","8.70769","50.94135, 8.70769"
"sint_pauwels_BE_gid_2786570","Sint-Pauwels","Belgium","Flanders","51.19391","4.09649","51.19391, 4.09649"
"sion_abbey_NL_gid_unknown","Sion Abbey","Netherlands","South Holland","52.00444444","4.161666667","52.00444444, 4.161666667"
"siřejovice_CH_gid_3066107","Siřejovice","Czech Republic","Ústecký kraj","50.47835","14.0709","50.47835, 14.0709"
"skelivka_UA_gid_693684","Skelivka","Ukraine","Lviv","49.5363","22.96065","49.5363, 22.96065"
"sondrio_IT_gid_3166397","Sondrio","Italy","Lombardy","46.16852","9.87134","46.16852, 9.87134"
"sopron_HU_gid_3045190","Sopron","Hungary","Győr-Moson-Sopron","47.68501","16.59049","47.68501, 16.59049"
"spaarnwoude_NL_gid_2746983","Spaarnwoude","Netherlands","North Holland","52.405","4.69444","52.405, 4.69444"
"spalt_DE_gid_2830849","Spalt","Germany","Bavaria","49.17553","10.92453","49.17553, 10.92453"
"speyer_DE_gid_2830582","Speyer","Germany","Rheinland-Pfalz","49.32083","8.43111","49.32083, 8.43111"
"steckelberg_castle_DE_gid_unknown","Burg Steckelberg","Germany","Hesse","50.336944","9.620278","50.336944, 9.620278"
"steinheim_castle_DE_gid_unknown","Schloss Steinheim","Germany","Hesse","50.1086","8.91605","50.1086, 8.91605"
"stepney_GB_gid_2636948","Stepney","United Kingdom","England","51.5175","-0.04292","51.5175, -0.04292"
"steyn_monastery_NL_gid_unknown","Steyn Monastery","Netherlands","South Holland","52.002977","4.764632","52.002977, 4.764632"
"storkow_DE_gid_2826403","Storkow","Germany","Brandenburg","52.25662","13.93337","52.25662, 13.93337"
"stourton castle_GB_gid_6287235","Stourton Castle","United Kingdom","England","52.46188","-2.20865","52.46188, -2.20865"
"strasbourg_FR_gid_2973783","Strasbourg","France","Grand Est","48.58342","7.74296","48.58342, 7.74296"
"strinz_trinitatis_DE_gid_2825809","Strinz-Trinitatis","Germany","Hesse","50.23627","8.15559","50.23627, 8.15559"
"stuttgart_DE_gid_2825297","Stuttgart","Germany","Baden-Wurttemberg","48.78232","9.17702","48.78232, 9.17702"
"st_amand_abbey_FR_gid_unknown","Saint-Amand Abbey","France","Hauts-de-France","50.638307","2.392984","50.638307, 2.392984"
"st_augustin_lès_thérouanne_abbey_FR_gid_unknown","Saint-Augustin-lès-Thérouanne Abbey","France","Hauts-de-France","50.63871","2.39876","50.63871, 2.39876"
"st_georgenberg_abbey_AT_gid_8349588","St. Georgenberg Abbey","Austria","Tyrol","47.36667","11.71667","47.36667, 11.71667"
"st_hubert_abbey_BE_gid_unknown","Saint-Hubert Abbey","Belgium","Wallonia","50.026172","5.374353","50.026172, 5.374353"
"st_séverin_abbey_FR_gid_unknown","Saint Séverin Abbey of Château Landon","France","Île-de-France","48.1504","2.7089","48.1504, 2.7089"
"st_sulpice_abbey_FR_gid_unknown","Saint Sulpice Abbey","France","Auvergne-Rhône-Alpes","45.897778","5.583611","45.897778, 5.583611"
"sursee_CH_gid_2658440","Sursee","Switzerland","Lucerne","47.17088","8.11113","47.17088, 8.11113"
"swichum_NL_gid_2746543","Swichum","Netherlands","Friesland","53.15377","5.82035","53.15377, 5.82035"
"świdnica_PL_gid_3084093","Swidnica","Poland","Lower Silesia","50.84378","16.48859","50.84378, 16.48859"
"szydłowiec_PL_gid_757178","Szydłowiec","Poland","Masovian","51.22823","20.86106","51.22823, 20.86106"
"s_gravenzande_NL_gid_2747364","'s-Gravenzande","Netherlands","South Holland","52.00167","4.16528","52.00167, 4.16528"
"s_hertogenbosch_NL_gid_2747351","'s-Hertogenbosch","Netherlands","North Brabant","51.69917","5.30417","51.69917, 5.30417"
"słońsk_PL_gid_3085520","Słońsk","Poland","Lubusz","52.56345","14.80526","52.56345, 14.80526"
"taggia_IT_gid_3165993","Taggia","Italy","Liguria","43.84612","7.85223","43.84612, 7.85223"
"tanstein_castle_DE_gid_unknown","Tanstein Castle","Germany","Rheinland-Pfalz","49.1503","7.8025","49.1503, 7.8025"
"telde_ES_gid_2510542","Telde","Spain","Canary Islands","27.99243","-15.41915","27.99243, -15.41915"
"thame_GB_gid_2636066","Thame","United Kingdom","England","51.7484","-0.97624","51.7484, -0.97624"
"thann_FR_gid_2973013","Thann","France","Grand Est","47.81667","7.08333","47.81667, 7.08333"
"the_hague_NL_gid_2747373","The Hague","Netherlands","South Holland","52.07667","4.29861","52.07667, 4.29861"
"tielt_BE_gid_2785476","Tielt","Belgium","Flanders","50.99931","3.32707","50.99931, 3.32707"
"toledo_ES_gid_2510409","Toledo","Spain","Castille-La Mancha","39.8581","-4.02263","39.8581, -4.02263"
"tomice_PL_gid_3083316","Tomice","Poland","Greater Poland","52.32013","16.61013","52.32013, 16.61013"
"tordesillas_ES_gid_3107952","Tordesillas","Spain","Castille and León","41.50202","-5.00146","41.50202, -5.00146"
"torgau_DE_gid_2821807","Torgau","Germany","Saxony","51.56016","12.99617","51.56016, 12.99617"
"toulouse_FR_gid_2972315","Toulouse","France","Occitanie","43.60426","1.44367","43.60426, 1.44367"
"tournai_BE_gid_2785341","Tournai","Belgium","Wallonia","50.60715","3.38932","50.60715, 3.38932"
"tournehem_sur_la_hem_FR_gid_2972235","Tournehem-sur-la-Hem","France","Hauts-de-France","50.8","2.05","50.8, 2.05"
"tournon_sur_rhône_FR_gid_2972214","Tournon-sur-Rhône","France","Auvergne-Rhône-Alpes","45.06667","4.83333","45.06667, 4.83333"
"tours_FR_gid_2972191","Tours","France","Centre-Val de Loire","47.39484","0.70398","47.39484, 0.70398"
"trento_IT_gid_3165243","Trento","Italy","Trentino-Alto Adige","46.06787","11.12108","46.06787, 11.12108"
"trier_DE_gid_2821164","Trier","Germany","Rheinland-Pfalz","49.75565","6.63935","49.75565, 6.63935"
"trnava_SK_gid_3057124","Trnava","Slovakia","Trnava","48.37741","17.58723","48.37741, 17.58723"
"trogir_HR_gid_3188763","Trogir","Croatia","Split-Dalmatia","43.5125","16.25167","43.5125, 16.25167"
"trzebiatów_PL_gid_3083145","Trzebiatów","Poland","West Pomerania","54.06147","15.26475","54.06147, 15.26475"
"trzebiel_PL_gid_3083134","Trzebiel","Poland","Lubusz","51.63496","14.81609","51.63496, 14.81609"
"tübingen_DE_gid_2820860","Tübingen","Germany","Baden-Wurttemberg","48.52266","9.05222","48.52266, 9.05222"
"überlingen_DE_gid_2820577","Überlingen","Germany","Baden-Wurttemberg","47.76977","9.17136","47.76977, 9.17136"
"ubstadt_DE_gid_2820542","Ubstadt","Germany","Baden-Wurttemberg","49.15917","8.63417","49.15917, 8.63417"
"ufenau_CH_gid_7669974","Ufenau","Switzerland","Schwyz","47.21693","8.77839","47.21693, 8.77839"
"uffeln_DE_gid_2820426","Uffeln","Germany","North-Rhine-Westphalia","52.17477","8.87833","52.17477, 8.87833"
"ulm_DE_gid_2820256","Ulm","Germany","Baden-Wurttemberg","48.39841","9.99155","48.39841, 9.99155"
"unknown_location_diocese_of_bazas_FR_gid_unknown","Unknown Location in the Diocese of Bazas","France","Nouvelle-Aquitaine","NULL","NULL","NULL"
"unknown_location_diocese_of_cambrai_FR_gid_unknown","Unknown Location in the Diocese of Cambrai","France","Hauts-de-France","NULL","NULL","NULL"
"unknown_location_diocese_of_coventry_and_lichfield_GB_gid_unknown","Unknown Location in the Diocese of Coventry and Lichfield","United Kingdom","England","NULL","NULL","NULL"
"unknown_location_diocese_of_paris_FR_gid_unknown","Unknown Location in the Diocese of Paris","France","Île-de-France","NULL","NULL","NULL"
"unknown_location_diocese_of_rouen_FR_gid_unknown","Unknown Location in the Diocese of Rouen","France","Normandy","NULL","NULL","NULL"
"unknown_location_diocese_of_troyes_FR_gid_unknown","Unknown Location in the Diocese of Troyes","France","Grand Est","NULL","NULL","NULL"
"unknown_location_in_belgium_BE_gid_unknown","Unknown Location in Belgium","Belgium","Unknown","NULL","NULL","NULL"
"unknown_location_in_england_GB_gid_unknown","Unknown Location in England","United Kingdom","England","NULL","NULL","NULL"
"unknown_location_in_france_FR_gid_unknown","Unknown Location in France","France","Unknown","NULL","NULL","NULL"
"unknown_location_in_friesland_NL_gid_unknown","Unknown Location in Friesland","Netherlands","Friesland","NULL","NULL","NULL"
"unknown_location_in_germany_DE_gid_unknown","Unknown Location in Germany","Germany","Unknown","NULL","NULL","NULL"
"unknown_location_in_hampshire_GB_gid_unknown","Unknown Location in Hampshire","United Kingdom","England","NULL","NULL","NULL"
"unknown_location_in_italy_IT_gid_unknown","Unknown Location in Italy","Italy","Unknown","NULL","NULL","NULL"
"unknown_location_in_limburg_BE_gid_unknown","Unknown Location in Limburg","Belgium","Flanders","NULL","NULL","NULL"
"unknown_location_in_lincolnshire_GB_gid_unknown","Unknown Location in Lincolnshire","United Kingdom","England","NULL","NULL","NULL"
"unknown_location_in_luxembourg_LU_gid_unknown","Unknown Location in Luxembourg","Luxembourg","Unknown","NULL","NULL","NULL"
"unknown_location_in_moravia_CZ_gid_unknown","Unknown Location in Moravia","Czech Republic","Unknown","NULL","NULL","NULL"
"unknown_location_in_poland_PL_gid_unknown","Unknown Location in Poland","Poland","Unknown","NULL","NULL","NULL"
"unknown_location_in_silesia_PL_gid_unknown","Unknown Location in Silesia","Poland","Unknown","NULL","NULL","NULL"
"unknown_location_in_slovakia_SK_gid_unknown","Unknown Location in Slovakia","Slovakia","Unknown","NULL","NULL","NULL"
"unknown_location_in_spain_ES_gid_unknown","Unknown Location in Spain","Spain","Unknown","NULL","NULL","NULL"
"unknown_location_in_switzerland_CH_gid_unknown","Unknown Location in Switzerland","Switzerland","Unknown","NULL","NULL","NULL"
"unknown_location_in_the_argonne_FR_gid_unknown","Unknown Location in Argonne","France","Grand Est","NULL","NULL","NULL"
"unknown_location_in_the_bugey_region_FR_gid_unknown","Unknown Location in the Bugey Region","France","Auvergne-Rhône-Alpes","NULL","NULL","NULL"
"unknown_location_in_the_franche_comté_FR_gid_unknown","Unknown Location in the Franche-Comté","France","Bourgogne-Franche-Comté","NULL","NULL","NULL"
"unknown_location_in_the_netherlands_NL_gid_unknown","Unknown Location in the Netherlands","Netherlands","Unknown","NULL","NULL","NULL"
"unknown_location_XX_gid_unknown","Unknown Location","Unknown","Unknown","NULL","NULL","NULL"
"urbino_IT_gid_3165035","Urbino","Italy","The Marches","43.72621","12.63633","43.72621, 12.63633"
"utrecht_NL_gid_2745912","Utrecht","Netherlands","Utrecht","52.09083","5.12222","52.09083, 5.12222"
"vacha_DE_gid_2817970","Vacha","Germany","Thuringia","50.8279","10.02185","50.8279, 10.02185"
"vác_HU_gid_3043293","Vác","Hungary","Pest megye","47.77591","19.13612","47.77591, 19.13612"
"vaihingen_an_der_enz_DE_gid_2817927","Vaihingen an der Enz","Germany","Baden-Wurttemberg","48.93563","8.96045","48.93563, 8.96045"
"valencia_ES_gid_2509954","Valencia","Spain","Valencia","39.46975","-0.37739","39.46975, -0.37739"
"valladolid_ES_gid_3106672","Valladolid","Spain","Castille and León","41.65518","-4.72372","41.65518, -4.72372"
"veere_NL_gid_2745739","Veere","Netherlands","Zeeland","51.54833","3.66667","51.54833, 3.66667"
"vendeuvre_sur_barse_FR_gid_2970119","Vendeuvre-sur-Barse","France","Grand Est","48.23786","4.46905","48.23786, 4.46905"
"venice_IT_gid_3164603","Venice","Italy","Veneto","45.43713","12.33265","45.43713, 12.33265"
"vercelli_IT_gid_3164565","Vercelli","Italy","Piedmont","45.32163","8.41989","45.32163, 8.41989"
"veringendorf_DE_gid_2817582","Veringendorf","Germany","Baden-Wurttemberg","48.15784","9.20277","48.15784, 9.20277"
"vermand_FR_gid_2969868","Vermand","France","Hauts-de-France","49.8755","3.14959","49.8755, 3.14959"
"veroli_IT_gid_3164528","Veroli","Italy","Lazio","41.69433","13.41664","41.69433, 13.41664"
"verona_IT_gid_3164527","Verona","Italy","Veneto","45.4299","10.98444","45.4299, 10.98444"
"veurne_BE_gid_2784804","Veurne","Belgium","Flanders","51.07316","2.66803","51.07316, 2.66803"
"vianden_LU_gid_2960021","Vianden","Luxembourg","Vianden","49.935","6.20889","49.935, 6.20889"
"vicenza_IT_gid_3164419","Vicenza","Italy","Veneto","45.54672","11.5475","45.54672, 11.5475"
"vic_sur_seille_FR_gid_2969364","Vic-sur-Seille","France","Grand Est","48.78204","6.53081","48.78204, 6.53081"
"vienna_AT_gid_2761369","Vienna","Austria","Vienna","48.20849","16.37208","48.20849, 16.37208"
"viersen_DE_gid_2817311","Viersen","Germany","North-Rhine-Westphalia","51.25435","6.39441","51.25435, 6.39441"
"villingen_im_schwarzwald_DE_gid_2817221","Villingen im Schwarzwald","Germany","Baden-Wurttemberg","48.05993","8.45672","48.05993, 8.45672"
"vitoria_ES_gid_3104499","Vitoria-Gasteiz","Spain","Basque Country","42.84998","-2.67268","42.84998, -2.67268"
"vitré_FR_gid_2967879","Vitré","France","Brittany","48.11776","-1.20577","48.11776, -1.20577"
"vlatten_DE_gid_2817108","Vlatten","Germany","North-Rhine-Westphalia","50.6498","6.54598","50.6498, 6.54598"
"vollenhove_NL_gid_2745333","Vollenhove","Netherlands","Overijssel","52.68083","5.95417","52.68083, 5.95417"
"waischenfeld_DE_gid_2815297","Waischenfeld","Germany","Bavaria","49.84645","11.3481","49.84645, 11.3481"
"walcheren_NL_gid_2745077","Walcheren","Netherlands","Zeeland","51.51968","3.57993","51.51968, 3.57993"
"waldburg_castle_DE_gid_unknown","Waldburg Castle","Germany","Baden-Wurttemberg","47.758889","9.711944","47.758889, 9.711944"
"waldkirch_DE_gid_2814883","Waldkirch","Germany","Baden-Wurttemberg","48.09585","7.96371","48.09585, 7.96371"
"watterdingen_DE_gid_2813629","Watterdingen","Germany","Baden-Wurttemberg","47.83834","8.69825","47.83834, 8.69825"
"weidenstetten_DE_gid_2812958","Weidenstetten","Germany","Baden-Wurttemberg","48.5525","9.9961","48.5525, 9.9961"
"weimar_DE_gid_2812482","Weimar","Germany","Thuringia","50.9803","11.32903","50.9803, 11.32903"
"weinsberg_DE_gid_2812158","Weinsberg","Germany","Baden-Wurttemberg","49.15127","9.28762","49.15127, 9.28762"
"wendelstein_DE_gid_2811292","Wendelstein","Germany","Bavaria","49.3523","11.15069","49.3523, 11.15069"
"wesel_DE_gid_2810678","Wesel","Germany","North-Rhine-Westphalia","51.6669","6.62037","51.6669, 6.62037"
"weston_subedge_GB_gid_2634309","Weston Subedge","United Kingdom","England","52.05","-1.81667","52.05, -1.81667"
"whitford_GB_gid_2634046","Whitford","United Kingdom","Wales","53.28333","-3.28333","53.28333, -3.28333"
"więcbork_PL_gid_3082364","Więcbork","Poland","Kujawsko-Pomorskie","53.35384","17.49064","53.35384, 17.49064"
"wijk_bij_duurstede_NL_gid_2744483","Wijk bij Duurstede","Netherlands","Utrecht","51.97417","5.34167","51.97417, 5.34167"
"wildhaus_CH_gid_2657988","Wildhaus","Switzerland","Saint Gallen","47.20583","9.35402","47.20583, 9.35402"
"winchester_GB_gid_2633858","Winchester","United Kingdom","England","51.06513","-1.3187","51.06513, -1.3187"
"windsor_castle_GB_gid_6287215","Windsor Castle","United Kingdom","England","51.48365","-0.60502","51.48365, -0.60502"
"wirdum_NL_gid_2744327","Wirdum","Netherlands","Friesland","53.14893","5.80387","53.14893, 5.80387"
"wissembourg_FR_gid_2967325","Wissembourg","France","Grand Est","49.03708","7.94548","49.03708, 7.94548"
"wittenberg_DE_gid_7303020","Wittenberg","Germany","Saxony-Anhalt","51.8661","12.64973","51.8661, 12.64973"
"woerden_NL_gid_2744248","Woerden","Netherlands","Utrecht","52.085","4.88333","52.085, 4.88333"
"woking_GB_gid_2633709","Woking","United Kingdom","England","51.31903","-0.55893","51.31903, -0.55893"
"woodstock_GB_gid_2633618","Woodstock","United Kingdom","England","51.8485","-1.35132","51.8485, -1.35132"
"worms_DE_gid_2806142","Worms","Germany","Rheinland-Pfalz","49.63278","8.35916","49.63278, 8.35916"
"wouw_NL_gid_2744145","Wouw","Netherlands","North Brabant","51.52167","4.39028","51.52167, 4.39028"
"wrocław_PL_gid_3081368","Wroclaw","Poland","Lower Silesia","51.1","17.03333","51.1, 17.03333"
"września_PL_gid_3081324","Września","Poland","Greater Poland","52.32512","17.56519","52.32512, 17.56519"
"würzburg_DE_gid_2805615","Würzburg","Germany","Bavaria","49.79391","9.95121","49.79391, 9.95121"
"xanten_DE_gid_2805385","Xanten","Germany","North-Rhine-Westphalia","51.65877","6.45297","51.65877, 6.45297"
"zaltbommel_NL_gid_2744102","Zaltbommel","Netherlands","Gelderland","51.81","5.24444","51.81, 5.24444"
"zandenburg_castle_NL_gid_unknown","Zandenburg","Netherlands","Zeeland","51.549","3.662","51.549, 3.662"
"zaragosa_ES_gid_3104324","Zaragoza","Spain","Aragon","41.65606","-0.87734","41.65606, -0.87734"
"zeitz_DE_gid_2804922","Zeitz","Germany","Saxony-Anhalt","51.04962","12.1369","51.04962, 12.1369"
"znojmo_CZ_gid_3061344","Znojmo","Czech Republic","South Moravian","48.8555","16.0488","48.8555, 16.0488"
"zürich_CH_gid_2657896","Zurich","Switzerland","Zurich","47.36667","8.55","47.36667, 8.55"
"zwickau_DE_gid_2803560","Zwickau","Germany","Saxony","50.72724","12.48839","50.72724, 12.48839"
"zwolle_NL_gid_2743477","Zwolle","Netherlands","Overijssel","52.5125","6.09444","52.5125, 6.09444"
"łask_PL_gid_3093902","Łask","Poland","Łódź Voivodeship","51.59056","19.13278","51.59056, 19.13278"
"albi_FR_gid_3038261","Albi","France","Occitanie","43.9298","2.148","43.9298, 2.148"
"ardres_FR_gid_3037113","Ardres","France","Hauts-de-France","50.85786","1.98168","50.85786, 1.98168"
"autun_FR_gid_3035883","Autun","France","Bourgogne-Franche-Comté","46.95","4.3","46.95, 4.3"
"beaulieu_lès_loches_FR_gid_3034245","Beaulieu-lès-Loches","France","Centre-Val de Loire","47.12526","1.01585","47.12526, 1.01585"
"bonnefont_FR_gid_3031759","Bonnefont","France","Occitanie","43.24983","0.34476","43.24983, 0.34476"
"bouchain_FR_gid_3031380","Bouchain","France","Hauts-de-France","50.28519","3.31491","50.28519, 3.31491"
"châtillon_sur_seine_FR_gid_3026046","Châtillon-sur-Seine","France","Bourgogne-Franche-Comté","47.85851","4.57375","47.85851, 4.57375"
"chíos_GR_gid_259973","Chios","Greece","North Aegean","38.36778","26.13583","38.36778, 26.13583"
"coutances_FR_gid_3022826","Coutances","France","Normandy","49.04541","-1.44518","49.04541, -1.44518"
"élincourt_FR_gid_3020293","Élincourt","France","Hauts-de-France","50.04475","3.37125","50.04475, 3.37125"
"fontainebleau_palace_FR_gid_7535589","Palace of Fontainebleau","France","Île-de-France","48.40222","2.70056","48.40222, 2.70056"
"fontenay_le_comte_FR_gid_3017921","Fontenay-le-Comte","France","Pays de la Loire","46.46667","-0.81667","46.46667, -0.81667"
"la_villeneuve_sur_vingeanne_FR_gid_3005488","La Villeneuve-sur-Vingeanne","France","Bourgogne-Franche-Comté","47.56314","5.42329","47.56314, 5.42329"
"liesse_notre_dame_FR_gid_2998460","Liesse-Notre-Dame","France","Hauts-de-France","49.61667","3.8","49.61667, 3.8"
"loudun_FR_gid_2997457","Loudun","France","Nouvelle-Aquitaine","47.00788","0.08296","47.00788, 0.08296"
"moncontour_FR_gid_2993379","Moncontour","France","Brittany","48.35955","-2.63404","48.35955, -2.63404"
"noyon_FR_gid_2989877","Noyon","France","Hauts-de-France","49.58333","3","49.58333, 3"
"nuits_saint_georges_FR_gid_2989837","Nuits-Saint-Georges","France","Bourgogne-Franche-Comté","47.13683","4.949","47.13683, 4.949"
"pierrelatte_FR_gid_2987259","Pierrelatte","France","Auvergne-Rhône-Alpes","44.37756","4.70198","44.37756, 4.70198"
"pontfaverger_moronvilliers_FR_gid_2986186","Pontfaverger-Moronvilliers","France","Grand Est","49.29702","4.31657","49.29702, 4.31657"
"reims_FR_gid_2984114","Reims","France","Grand Est","49.25","4.03333","49.25, 4.03333"
"rodez_FR_gid_2983154","Rodez","France","Occitanie","44.35258","2.57338","44.35258, 2.57338"
"romorantin_lanthenay_FR_gid_2982967","Romorantin-Lanthenay","France","Centre-Val de Loire","47.36667","1.75","47.36667, 1.75"
"rouen_FR_gid_2982652","Rouen","France","Normandy","49.44313","1.09932","49.44313, 1.09932"
"saint_thierry_FR_gid_2976774","Saint-Thierry","France","Grand Est","49.30546","3.96565","49.30546, 3.96565"
"troyes_FR_gid_2971549","Troyes","France","Grand Est","48.3","4.08333","48.3, 4.08333"
"unknown_location_champagne_ardenne_FR_gid_unknown","Unknown Location in Champagne-Ardenne","France","Grand Est","NULL","NULL","NULL"
"unknown_location_diocese_of_canterbury_GB_gid_unknown","Unknown Location in the Diocese of Canterbury","United Kingdom","England","NULL","NULL","NULL"
"unknown_location_picardie_FR_gid_unknown","Unknown Location in Picardie","France","Hauts-de-France","NULL","NULL","NULL"
"zakynthos_GR_gid_251280","Zakynthos","Greece","Ionian Islands","37.78022","20.89555","37.78022, 20.89555"
