"correspondents_id","type","gender","viaf_id","name_in_edition","known_name_variations","known_name_variations_ref","pob_loc_id","pob_loc_annotation","pob_loc_annotation_ref","dob_year1","dob_month1","dob_day1","dob_computable1","dob_has_range","dob_year2","dob_month2","dob_day2","dob_computable2","dob_annotion","dob_annotion_ref","pod_loc_id","pod_loc_annotation","pod_loc_annotation_ref","dod_year1","dod_month1","dod_day1","dod_computable1","dod_has_range","dod_year2","dod_month2","dod_day2","dod_computable2","dod_annotion","dod_annotion_ref","further_annotation"
"adrianus_[corpus_era]_viaf_unknown","individual","male","unknown","ADRIANUS [COE] // Adrian of Saint-Omer [CWE] // Adrian of St. Omer [ALLEN]","NULL","NULL","unknown_location_XX_gid_unknown","Unknown","COE I, 9","NULL","NULL","NULL","NULL","1","NULL","NULL","NULL","NULL","NULL","COE I, 9","unknown_location_XX_gid_unknown","Unknown","COE I, 9","NULL","NULL","NULL","NULL","1","NULL","NULL","NULL","NULL","NULL","COE I, 9","NULL"
"aggaeus_augustinus_viaf_30349638","individual","male","30349638","Augustijn AGGE [COE] // Augustinus Aggeus [CWE] // Agge, Augustinus (Aggeus) [ALLEN]","Aggeus","COE I, 13","the_hague_NL_gid_2747373","The Hague","COE I, 13","NULL","NULL","NULL","NULL","1","NULL","NULL","NULL","NULL","NULL","COE I, 13","unknown_location_XX_gid_unknown","Unknown","COE I, 13","NULL","NULL","NULL","NULL","1","NULL","NULL","NULL","NULL","NULL","COE I, 13","NULL"
"alardet_amblard_viaf_unknown","individual","male","unknown","Amblard ALARDET [COE] // Amblard Alardet [CWE] // Alardet, Ambolard [ALLEN]","Allardet","COE I, 21-22","genève_CH_gid_2660646","Geneva","COE I, 21-22","NULL","NULL","NULL","NULL","1","NULL","NULL","NULL","NULL","NULL","COE I, 21-22","unknown_location_XX_gid_unknown","Unknown","COE I, 21-22","NULL","NULL","NULL","NULL","1","NULL","NULL","NULL","NULL","NULL","COE I, 21-22","NULL"
"angleberme_pierre_de_viaf_unknown","individual","male","unknown","Pierre d'ANGLEBERME [COE] // Pierre d'Angleberme [CWE] // Angleberme, Peter d' [ALLEN]","NULL","NULL","orléans_FR_gid_2989317","[Orléans:CK]","COE I, 57-58","NULL","NULL","NULL","NULL","1","NULL","NULL","NULL","NULL","NULL","COE I, 57-58","unknown_location_XX_gid_unknown","Unknown","COE I, 57-58","NULL","NULL","NULL","NULL","1","NULL","NULL","NULL","NULL","NULL","COE I, 57-58","NULL"
"antonius_of_luxembourg_viaf_unknown","individual","male","unknown","ANTONIUS of Luxembourg [COE] // Antonius of Luxembourg [CWE] // Luxemburg, Antony of [ALLEN]","Lutzenburgus","COE I, 66","unknown_location_in_luxembourg_LU_gid_unknown","Unknown, in Luxembourg","COE I, 66","NULL","NULL","NULL","NULL","0","NULL","NULL","NULL","NULL","NULL","COE I, 66","unknown_location_XX_gid_unknown","Unknown","COE I, 66","NULL","NULL","NULL","NULL","1","NULL","NULL","NULL","NULL","NULL","COE I, 66","NULL"
"an_unsuccessful_candidate_for_the_latin_chair_viaf_unknown","individual","male","unknown","[An Unsuccessful Candidate for the Latin Chair] [COE] // An Unsuccessful Candidate for the Latin Chair [CWE]","NULL","NULL","unknown_location_XX_gid_unknown","Unknown","NULL","NULL","NULL","NULL","NULL","1","NULL","NULL","NULL","NULL","NULL","NULL","unknown_location_XX_gid_unknown","NULL","NULL","NULL","NULL","NULL","NULL","1","NULL","NULL","NULL","NULL","NULL","NULL","NULL"
"a_friend_viaf_unknown","individual","unknown","unknown","[A Friend] [COE] // A Friend [CWE] // Friend, A [ALLEN]","NULL","NULL","unknown_location_XX_gid_unknown","Unknown","NULL","NULL","NULL","NULL","NULL","1","NULL","NULL","NULL","NULL","NULL","NULL","unknown_location_XX_gid_unknown","NULL","NULL","NULL","NULL","NULL","NULL","1","NULL","NULL","NULL","NULL","NULL","NULL","NULL"
"a_monk_viaf_unknown","individual","male","unknown","[A Monk] [COE] // A Monk [CWE] // A Monk [ALLEN]","NULL","NULL","unknown_location_XX_gid_unknown","Unknown","NULL","NULL","NULL","NULL","NULL","1","NULL","NULL","NULL","NULL","NULL","NULL","unknown_location_XX_gid_unknown","NULL","NULL","NULL","NULL","NULL","NULL","1","NULL","NULL","NULL","NULL","NULL","NULL","NULL"
"a_physician_viaf_unknown","individual","male","unknown","[A Physician] [COE] // A Physician [CWE] // A Physician [ALLEN]","NULL","NULL","unknown_location_XX_gid_unknown","Unknown","NULL","NULL","NULL","NULL","NULL","1","NULL","NULL","NULL","NULL","NULL","NULL","unknown_location_XX_gid_unknown","NULL","NULL","NULL","NULL","NULL","NULL","1","NULL","NULL","NULL","NULL","NULL","NULL","NULL"
"babham_john_viaf_unknown","individual","male","unknown","John BABHAM [COE] // John Babham [CWE] // Babham, John [ALLEN]","NULL","NULL","unknown_location_in_england_GB_gid_unknown","Unknown","COE I, 78","NULL","NULL","NULL","NULL","1","NULL","NULL","NULL","NULL","NULL","COE I, 78","unknown_location_XX_gid_unknown","Unknown","COE I, 78","NULL","NULL","NULL","NULL","1","NULL","NULL","NULL","NULL","NULL","COE I, 78","NULL"
"barbier_nicolas_viaf_unknown","individual","male","unknown","Nicolas BARBIER [COE] // Nicolas Barbier [CWE] // Barbirius, Nicolaus [ALLEN]","NULL","NULL","arras_FR_gid_3036784","prob. Arras","COE I, 93","NULL","NULL","NULL","NULL","1","NULL","NULL","NULL","NULL","NULL","COE I, 93","unknown_location_XX_gid_unknown","Unknown","COE I, 93","NULL","NULL","NULL","NULL","1","NULL","NULL","NULL","NULL","NULL","COE I, 93","NULL"
"basel_town_council_of_viaf_not_applicable","corporate body","NULL","not applicable","[Town Council of Basel] [COE] // The Town Council of Basel [CWE] // Basle Town Council [ALLEN]","NULL","NULL","unknown_location_XX_gid_unknown","NULL","NULL","NULL","NULL","NULL","NULL","1","NULL","NULL","NULL","NULL","NULL","NULL","unknown_location_XX_gid_unknown","NULL","NULL","NULL","NULL","NULL","NULL","1","NULL","NULL","NULL","NULL","NULL","NULL","NULL"
"batt_cornelis_viaf_unknown","individual","male","unknown","Cornelis BATT [COE] // Cornelis Batt [CWE] // Batt, Cornelius [ALLEN]","NULL","NULL","bergen_op_zoom_NL_gid_2759145","prob. Bergen op Zoom","COE I, 100","NULL","NULL","NULL","NULL","1","NULL","NULL","NULL","NULL","NULL","COE I, 100","unknown_location_XX_gid_unknown","Unknown","COE I, 100","NULL","NULL","NULL","NULL","1","NULL","NULL","NULL","NULL","NULL","COE I, 100","NULL"
"bechyně_petr_viaf_unknown","individual","male","unknown","Petr BECHYNĚ [COE] // Petr Bechyně [CWE] // Bechinius, Peter [ALLEN]","Bechinie // Bechinius // Bechinicius // a Lazan // Lazian // Lusan","COE I, 114","bechyně_CZ_gid_3079616","[Bechyně:CK]","COE I, 114","NULL","NULL","NULL","NULL","1","NULL","NULL","NULL","NULL","NULL","COE I, 114","unknown_location_XX_gid_unknown","Unknown","COE I, 114","NULL","NULL","NULL","NULL","1","NULL","NULL","NULL","NULL","NULL","COE I, 114","NULL"
"bensrott_nikolaus_viaf_unknown","individual","male","unknown","Nikolaus BENSROTT [COE] // Nikolas Bensrott [CWE] // Bensrott, Nicholas [ALLEN]","Benseradus","COE I, 123","uffeln_DE_gid_2820426","Üffeln, on the Weser","COE I, 123","NULL","NULL","NULL","NULL","1","NULL","NULL","NULL","NULL","NULL","COE I, 123","unknown_location_XX_gid_unknown","Unknown","COE I, 123","NULL","NULL","NULL","NULL","1","NULL","NULL","NULL","NULL","NULL","COE I, 123","NULL"
"besançon_senate_of_viaf_not_applicable","corporate body","NULL","not applicable","[not included in COE] // Senate of Besançon [CWE] // Besançon, Senate of [ALLEN]","NULL","NULL","unknown_location_XX_gid_unknown","NULL","NULL","NULL","NULL","NULL","NULL","1","NULL","NULL","NULL","NULL","NULL","NULL","unknown_location_XX_gid_unknown","NULL","NULL","NULL","NULL","NULL","NULL","1","NULL","NULL","NULL","NULL","NULL","NULL","NULL"
"boerio_bernardo_viaf_unknown","individual","male","unknown","Bernardo BOERIO [COE] // Bernardo Boerio [CWE] // Boerio, Bernard [ALLEN]","NULL","NULL","unknown_location_XX_gid_unknown","Unknown","COE I, 158-159","NULL","NULL","NULL","NULL","1","NULL","NULL","NULL","NULL","NULL","COE I, 158-159","unknown_location_XX_gid_unknown","Unknown","COE I, 158-159","NULL","NULL","NULL","NULL","1","NULL","NULL","NULL","NULL","NULL","COE I, 158-159","NULL"
"boerio_giovanni_battista_viaf_unknown","individual","male","unknown","Giovanni Battista BOERIO [COE] // Giovanni Battista Boerio [CWE] // Boerio, John Baptista [ALLEN]","NULL","NULL","genoa_IT_gid_3176219","Genoa","COE I, 158-159","NULL","NULL","NULL","NULL","1","NULL","NULL","NULL","NULL","NULL","COE I, 158-159","unknown_location_XX_gid_unknown","Unknown","COE I, 158-159","NULL","NULL","NULL","NULL","1","NULL","NULL","NULL","NULL","NULL","COE I, 158-159","NULL"
"boerio_giovanni_viaf_unknown","individual","male","unknown","Giovanni BOERIO [COE] // Giovanni Boerio [CWE] // Boerio, John [ALLEN]","NULL","NULL","genoa_IT_gid_3176219","Genova","Dizionario Biografico degli Italiani","1450","NULL","NULL","1450-01-01","1","1450","NULL","NULL","1450-12-31","verso la metà del sec. XV","Dizionario Biografico degli Italiani","unknown_location_XX_gid_unknown","Unknown","COE I, 158-159","NULL","NULL","NULL","NULL","1","NULL","NULL","NULL","NULL","NULL","COE I, 158-159","NULL"
"brielis_guilielmus_viaf_unknown","individual","male","unknown","Guilielmus BRIELIS [COE] // Guilielmus Brielis [CWE] // Brielis, William [ALLEN]","NULL","NULL","brielle_NL_gid_2758326","Unknown, possibly Brielle","COE I, 202","NULL","NULL","NULL","NULL","1","NULL","NULL","NULL","NULL","NULL","COE I, 202","unknown_location_XX_gid_unknown","Unknown","COE I, 202","NULL","NULL","NULL","NULL","1","NULL","NULL","NULL","NULL","NULL","COE I, 202","NULL"
"brugnard_antoine_viaf_unknown","individual","male","unknown","Antoine BRUGNARD [COE] // Antoine Brugnard [CWE] // Brugnarius, Antonius [ALLEN]","Brugnarius // Brognard","COE I, 205","brognard_FR_gid_3029949","Brognard, near Montbéliard","COE I, 205","NULL","NULL","NULL","NULL","1","NULL","NULL","NULL","NULL","NULL","COE I, 205","unknown_location_XX_gid_unknown","Unknown","COE I, 205","NULL","NULL","NULL","NULL","1","NULL","NULL","NULL","NULL","NULL","COE I, 205","NULL"
"caduceator_henricus_viaf_unknown","individual","male","unknown","Henricus CADUCEATOR [COE] // Henricus Caduceator [CWE] // Caduceator, Henry [ALLEN]","NULL","NULL","aschaffenburg_DE_gid_2955272","Aschaffenburg","COE I, 238","NULL","NULL","NULL","NULL","1","NULL","NULL","NULL","NULL","NULL","COE I, 238","unknown_location_XX_gid_unknown","Unknown","COE I, 238","NULL","NULL","NULL","NULL","1","NULL","NULL","NULL","NULL","NULL","COE I, 238","NULL"
"canta_jacobo_viaf_unknown","individual","male","unknown","Jacopo CANTA [COE] // Jacopo Canta [CWE] // Canta, James [ALLEN]","NULL","NULL","asti_IT_gid_3182714","Asti","COE I, 258","NULL","NULL","NULL","NULL","1","NULL","NULL","NULL","NULL","NULL","COE I, 258","unknown_location_XX_gid_unknown","Unknown","COE I, 258","NULL","NULL","NULL","NULL","1","NULL","NULL","NULL","NULL","NULL","COE I, 258","NULL"
"cassander_franciscus_viaf_unknown","individual","male","unknown","Franciscus CASSANDER [COE] // Franciscus Cassander [CWE] // Cassander, Francis [ALLEN]","NULL","NULL","colmars_FR_gid_3024292","Colmars (Département Alpes-de-Haute-Provence)","COE I, 278","NULL","NULL","NULL","NULL","1","NULL","NULL","NULL","NULL","NULL","COE I, 278","unknown_location_XX_gid_unknown","Unknown","COE I, 278","NULL","NULL","NULL","NULL","1","NULL","NULL","NULL","NULL","NULL","COE I, 278","NULL"
"cock_ludolf_viaf_unknown","individual","male","unknown","Ludolf COCK [COE] // Ludolf Cock [CWE] // Coccius, Ludolph [ALLEN]","Coccius // Kock","COE I, 323","bielefeld_DE_gid_2949186","Bielefeld","COE I, 323","NULL","NULL","NULL","NULL","1","NULL","NULL","NULL","NULL","NULL","COE I, 323","unknown_location_XX_gid_unknown","Unknown","COE I, 323","NULL","NULL","NULL","NULL","1","NULL","NULL","NULL","NULL","NULL","COE I, 323","NULL"
"cologne_nuns_of_viaf_not_applicable","corporate body","male","not applicable","[Nuns of Cologne] [COE] // Nuns of Cologne [CWE] // Cologne, Nuns [ALLEN]","NULL","NULL","unknown_location_XX_gid_unknown","NULL","NULL","NULL","NULL","NULL","NULL","1","NULL","NULL","NULL","NULL","NULL","NULL","unknown_location_XX_gid_unknown","NULL","NULL","NULL","NULL","NULL","NULL","1","NULL","NULL","NULL","NULL","NULL","NULL","NULL"
"cornelis_of_bergen_viaf_unknown","individual","male","unknown","CORNELIS of Bergen (Ep 1562 of 26 March 1525) [COE] // Cornelis of Bergen [CWE] // Bergen, Cornelius of [ALLEN]","Cornelius Bergensis","COE I, 340","woerden_NL_gid_2744248","Woerden, west of Utrecht","COE I, 340","NULL","NULL","NULL","NULL","1","NULL","NULL","NULL","NULL","NULL","COE I, 340","steyn_monastery_NL_gid_unknown","Unknown, possibly Steyn","COE I, 340","NULL","NULL","NULL","NULL","1","NULL","NULL","NULL","NULL","NULL","COE I, 340","NULL"
"cortehoeven_dirk_viaf_8201663","individual","male","8201663","Theodericus CORTEHOEVIUS [COE] // Theodericus Cortehoevius [CWE] // Cortehoevius, Theodericus [ALLEN]","NULL","COE I, 345","kortenhoef_NL_gid_2752409","Kortenhoef, west of Hilversum","COE I, 345","NULL","NULL","NULL","NULL","1","NULL","NULL","NULL","NULL","NULL","COE I, 345","unknown_location_XX_gid_unknown","Unknown","COE I, 345","NULL","NULL","NULL","NULL","1","NULL","NULL","NULL","NULL","NULL","COE I, 345","NULL"
"courtebourne_pierre_de_viaf_unknown","individual","male","unknown","Pierre de COURTEBOURNE [COE] // Pierre le Bâtard de Courtebourne [CWE] // Courtebourne, Peter of [ALLEN]","Petrus Nothus","COE I, 350","unknown_location_XX_gid_unknown","Unknown","COE I, 350","NULL","NULL","NULL","NULL","1","NULL","NULL","NULL","NULL","NULL","COE I, 350","unknown_location_XX_gid_unknown","Unknown","COE I, 350","NULL","NULL","NULL","NULL","1","NULL","NULL","NULL","NULL","NULL","COE I, 350","NULL"
"dancaster_william_viaf_unknown","individual","male","unknown","William DANCASTER [COE] // William Dancaster [CWE] // Dancaster, William [ALLEN]","Dankester","COE I, 375-376","unknown_location_in_england_GB_gid_unknown","Suffolk","COE I, 375-376","NULL","NULL","NULL","NULL","1","NULL","NULL","NULL","NULL","NULL","COE I, 375-376","ampthill_GB_gid_2657337","prob. Ampthill, Bedfordshire","COE I, 375-376","NULL","NULL","NULL","NULL","1","NULL","NULL","NULL","NULL","NULL","COE I, 375-376","NULL"
"danieli_giovanni_viaf_unknown","individual","male","unknown","Giovanni DANIELI [COE] // Giovanni Danieli [CWE] // Danielis, John [ALLEN]","Danielis","COE I, 376","unknown_location_XX_gid_unknown","Unknown","COE I, 376","NULL","NULL","NULL","NULL","1","NULL","NULL","NULL","NULL","NULL","COE I, 376","unknown_location_XX_gid_unknown","Unknown","COE I, 376","NULL","NULL","NULL","NULL","1","NULL","NULL","NULL","NULL","NULL","COE I, 376","NULL"
"davidts_maarten_viaf_unknown","individual","male","unknown","Maarten DAVIDTS [COE] // Maarten Davidts [CWE] // Davidts, Martin [ALLEN]","David // Davidis","COE I, 378-379","unknown_location_diocese_of_cambrai_FR_gid_unknown","diocese of Cambrai","COE I, 378-379","NULL","NULL","NULL","NULL","1","NULL","NULL","NULL","NULL","NULL","COE I, 378-379","unknown_location_XX_gid_unknown","Unknown","COE I, 378-379","NULL","NULL","NULL","NULL","1","NULL","NULL","NULL","NULL","NULL","COE I, 378-379","NULL"
"decimarius_petrus_viaf_unknown","individual","male","unknown","Petrus DECIMARIUS [COE] // Petrus Decimarius [CWE] // Decimarius, Petrus [ALLEN]","NULL","NULL","unknown_location_diocese_of_bazas_FR_gid_unknown","Unknown, in the diocese of Bazas, in the Gironde","COE I, 379","NULL","NULL","NULL","NULL","1","NULL","NULL","NULL","NULL","NULL","COE I, 379","unknown_location_XX_gid_unknown","Unknown","COE I, 379","NULL","NULL","NULL","NULL","1","NULL","NULL","NULL","NULL","NULL","COE I, 379","NULL"
"denny_nuns_of_viaf_not_applicable","corporate body","NULL","not applicable","[Nuns of Denny] [COE] // Nuns of Denney [CWE] // Denny, Nuns of [ALLEN]","NULL","NULL","unknown_location_XX_gid_unknown","NULL","NULL","NULL","NULL","NULL","NULL","1","NULL","NULL","NULL","NULL","NULL","NULL","unknown_location_XX_gid_unknown","NULL","NULL","NULL","NULL","NULL","NULL","1","NULL","NULL","NULL","NULL","NULL","NULL","NULL"
"desprez_etienne_viaf_unknown","individual","male","unknown","Etienne DESPREZ [COE] // Étienne Desprez [CWE] // Stephen Pratensis [ALLEN]","Pratensis // a Prato // Pratanus","COE I 390","unknown_location_XX_gid_unknown","Unknown","COE I 390","NULL","NULL","NULL","NULL","1","NULL","NULL","NULL","NULL","NULL","COE I 390","unknown_location_XX_gid_unknown","Unknown","COE I 390","NULL","NULL","NULL","NULL","1","NULL","NULL","NULL","NULL","NULL","COE I 390","NULL"
"edmond_[corpus_era]_viaf_unknown","individual","male","unknown","EDMOND [COE] // Edmond [CWE] // Edmund [ALLEN]","Edmondus","COE I, 420","unknown_location_XX_gid_unknown","Unknown","COE I, 420","NULL","NULL","NULL","NULL","1","NULL","NULL","NULL","NULL","NULL","COE I, 420","unknown_location_XX_gid_unknown","Unknown","COE I, 420","NULL","NULL","NULL","NULL","1","NULL","NULL","NULL","NULL","NULL","COE I, 420","NULL"
"elisabeth_[corpus_era]_viaf_unknown","individual","male","unknown","ELISABETH [COE] // Elisabeth, a nun [CWE] // Elizabeth, Nun [ALLEN]","NULL","NULL","unknown_location_XX_gid_unknown","Unknown","COE I, 427","NULL","NULL","NULL","NULL","1","NULL","NULL","NULL","NULL","NULL","COE I, 427","unknown_location_XX_gid_unknown","Unknown","COE I, 427","NULL","NULL","NULL","NULL","1","NULL","NULL","NULL","NULL","NULL","COE I, 427","NULL"
"eustachius_andreas_viaf_unknown","individual","male","unknown","Eustachius ANDREAS [COE] // Eustachius Andreas [CWE] // Andreas, Eustace [ALLEN]","NULL","NULL","unknown_location_XX_gid_unknown","Unknown","COE I, 53","NULL","NULL","NULL","NULL","1","NULL","NULL","NULL","NULL","NULL","COE I, 53","unknown_location_XX_gid_unknown","Unknown","COE I, 53","NULL","NULL","NULL","NULL","1","NULL","NULL","NULL","NULL","NULL","COE I, 53","NULL"
"evangelista_[corpus_era]_viaf_unknown","individual","male","unknown","EVANGELISTA [COE] // Evangelista [CWE] // Evangelista [ALLEN]","NULL","NULL","unknown_location_XX_gid_unknown","Unknown","COE I, 446","NULL","NULL","NULL","NULL","1","NULL","NULL","NULL","NULL","NULL","COE I, 446","unknown_location_XX_gid_unknown","Unknown","COE I, 446","NULL","NULL","NULL","NULL","1","NULL","NULL","NULL","NULL","NULL","COE I, 446","NULL"
"falco_johannes_viaf_unknown","individual","male","unknown","Johannes FALCO [COE] // Johannes Falco [CWE] // Falcon, John [ALLEN]","NULL","NULL","unknown_location_XX_gid_unknown","Unknown","COE II, 11","NULL","NULL","NULL","NULL","1","NULL","NULL","NULL","NULL","NULL","COE II, 11","unknown_location_XX_gid_unknown","Unknown","COE II, 11","NULL","NULL","NULL","NULL","1","NULL","NULL","NULL","NULL","NULL","COE II, 11","NULL"
"fettich_theobald_viaf_39718269","individual","male","39718269","Theobald FETTICH [COE] // Theobald Fettich [CWE] // Fettich, Theobald [ALLEN]","Fettichius","COE II, 25-26","kaiserslautern_DE_gid_2894003","Kaiserslautern","COE II, 25-26","NULL","NULL","NULL","NULL","1","NULL","NULL","NULL","NULL","NULL","COE II, 25-26","unknown_location_XX_gid_unknown","Unknown","COE II, 25-26","NULL","NULL","NULL","NULL","1","NULL","NULL","NULL","NULL","NULL","COE II, 25-26","NULL"
"franciscans_viaf_not_applicable","corporate body","NULL","not applicable","[Franciscans] [COE] // Franciscans [CWE] // Franciscans [ALLEN]","NULL","NULL","unknown_location_XX_gid_unknown","NULL","NULL","NULL","NULL","NULL","NULL","1","NULL","NULL","NULL","NULL","NULL","NULL","unknown_location_XX_gid_unknown","NULL","NULL","NULL","NULL","NULL","NULL","1","NULL","NULL","NULL","NULL","NULL","NULL","NULL"
"francis_john_viaf_unknown","individual","male","unknown","John FRANCIS [COE] // John Francis [CWE] // Francis, John [ALLEN]","Franciscus","COE II, 53","unknown_location_XX_gid_unknown","Unknown","COE II, 53","NULL","NULL","NULL","NULL","1","NULL","NULL","NULL","NULL","NULL","COE II, 53","unknown_location_XX_gid_unknown","Unknown","COE II, 53","NULL","NULL","NULL","NULL","1","NULL","NULL","NULL","NULL","NULL","COE II, 53","NULL"
"furster_valentin_viaf_unknown","individual","male","unknown","Valentin FURSTER [COE] // Valentin Furster [CWE] // Furster, Valentin [ALLEN]","NULL","NULL","unknown_location_in_germany_DE_gid_unknown","Unknown","COE II, 68","NULL","NULL","NULL","NULL","1","NULL","NULL","NULL","NULL","NULL","COE II, 68","kassel_DE_gid_2892518","prob. Kassel","COE II, 68","NULL","NULL","NULL","NULL","1","NULL","NULL","NULL","NULL","NULL","COE II, 68","NULL"
"gachi_jean_viaf_unknown","individual","male","unknown","Jean GACHI [COE] // Jean Gachi [CWE] // Gacy, Jean [ALLEN]","Gacy // Gacchus // Gatty // Gathy","COE II, 68-69","cluses_FR_gid_3024532","prob. Cluses, Haute-Savoie","COE II, 68-69","NULL","NULL","NULL","NULL","1","NULL","NULL","NULL","NULL","NULL","COE II, 68-69","unknown_location_XX_gid_unknown","Unknown","COE II, 68-69","NULL","NULL","NULL","NULL","1","NULL","NULL","NULL","NULL","NULL","COE II, 68-69","NULL"
"gerard_of_friesland_viaf_unknown","individual","male","unknown","GERARD of Friesland [COE] // Gerard of Friesland [CWE] // Gerardus Phrysius (unidentified) [ALLEN]","Gerardus Phrysius minor","COE II, 87","unknown_location_XX_gid_unknown","Unknown","COE II, 87","NULL","NULL","NULL","NULL","1","NULL","NULL","NULL","NULL","NULL","COE II, 87","unknown_location_XX_gid_unknown","Unknown","COE II, 87","NULL","NULL","NULL","NULL","1","NULL","NULL","NULL","NULL","NULL","COE II, 87","NULL"
"gerard_of_kloster_viaf_unknown","individual","male","unknown","GERARD of Kloster [COE] // Gerard of Kloster [CWE] // Kloster, Gerard of [ALLEN]","NULL","NULL","kloster_DE_gid_2887561","Kloster, near Wittmund","COE II, 87-88","NULL","NULL","NULL","NULL","1","NULL","NULL","NULL","NULL","NULL","COE II, 87-88","unknown_location_XX_gid_unknown","Unknown","COE II, 87-88","NULL","NULL","NULL","NULL","1","NULL","NULL","NULL","NULL","NULL","COE II, 87-88","NULL"
"gerard_pieter_viaf_unknown","individual","male","unknown","Pieter GERARD [COE] // Pieter Gerard [CWE] // Gerard, Peter [ALLEN]","NULL","COE I, 441-442","unknown_location_in_the_netherlands_NL_gid_unknown","Unknown","COE I, 441-442","NULL","NULL","NULL","NULL","1","NULL","NULL","NULL","NULL","NULL","COE I, 441-442","s_gravenzande_NL_gid_2747364","prob. Gravenzande (in South Holland)","COE I, 441-442","NULL","NULL","NULL","NULL","1","NULL","NULL","NULL","NULL","NULL","COE I, 441-442","NULL"
"gering_christoph_viaf_unknown","individual","male","unknown","Christoph GERING [COE] // Christoph Gering [CWE] // Gering, Christoph [ALLEN]","NULL","NULL","augsburg_DE_gid_2954172","Augsburg","COE II, 91","NULL","NULL","NULL","NULL","1","NULL","NULL","NULL","NULL","NULL","COE II, 91","unknown_location_XX_gid_unknown","Unknown","COE II, 91-92","NULL","NULL","NULL","NULL","1","NULL","NULL","NULL","NULL","NULL","COE II, 91-92","NULL"
"gravius_bernardus_viaf_unknown","individual","male","unknown","Bernardus GRAVIUS [COE] // Bernardus Gravius [CWE] // Gravius, Bernardus [ALLEN]","NULL","NULL","köln_DE_gid_2886242","prob. Cologne","COE II, 125","NULL","NULL","NULL","NULL","1","NULL","NULL","NULL","NULL","NULL","COE II, 125","unknown_location_XX_gid_unknown","Unknown","COE II, 125","NULL","NULL","NULL","NULL","1","NULL","NULL","NULL","NULL","NULL","COE II, 125","NULL"
"gravius_tielmannus_viaf_unknown","individual","male","unknown","Tielmannus GRAVIUS [COE] // Tielmannus Gravius [CWE] // Gravius, Tielmann (a Fossa) [ALLEN]","a Fossa // Grave // von Graben","COE II, 125-126","köln_DE_gid_2886242","[Köln:CK]","COE II, 125-126","NULL","NULL","NULL","NULL","1","NULL","NULL","NULL","NULL","NULL","COE II, 125-126","köln_DE_gid_2886242","prob. Cologne","COE II, 125-126","NULL","NULL","NULL","NULL","1","NULL","NULL","NULL","NULL","NULL","COE II, 125-126","NULL"
"grey_thomas_viaf_unknown","individual","male","unknown","Thomas GREY [COE] // Thomas Grey [CWE] // Grey, Thomas [ALLEN]","Greyus // Leucophaeus","COE II, 129-130","unknown_location_in_england_GB_gid_unknown","Unknown","COE II, 129-130","NULL","NULL","NULL","NULL","1","NULL","NULL","NULL","NULL","NULL","COE II, 129-130","unknown_location_XX_gid_unknown","Unknown","COE II, 129-130","NULL","NULL","NULL","NULL","1","NULL","NULL","NULL","NULL","NULL","COE II, 129-130","NULL"
"grunnius_lambertus_viaf_33092660","individual","male","33092660","Lambertus GRUNNIUS [COE] // Lambertus Grunnius [CWE] // Grunnius, Lambertus [ALLEN]","COE: name is probably fictitious","COE II, 140-141","unknown_location_XX_gid_unknown","Unknown","COE II, 140-141","NULL","NULL","NULL","NULL","1","NULL","NULL","NULL","NULL","NULL","COE II, 140-141","unknown_location_XX_gid_unknown","Unknown","COE II, 140-141","NULL","NULL","NULL","NULL","1","NULL","NULL","NULL","NULL","NULL","COE II, 140-141","NULL"
"grunnius_[corpus_era]_viaf_unknown","individual","male","unknown","GRUNNIUS","NULL","NULL","unknown_location_XX_gid_unknown","Unknown","COE II, 140","NULL","NULL","NULL","NULL","1","NULL","NULL","NULL","NULL","NULL","COE II, 140","unknown_location_XX_gid_unknown","Unknown","COE II, 140","NULL","NULL","NULL","NULL","1","NULL","NULL","NULL","NULL","NULL","COE II, 140","NULL"
"hacus_christoph_viaf_54963143","individual","male","54963143","Christoph HACK [COE] // Christoph Hack [CWE] // Hack, Christopher [ALLEN]","Hacke // Hacus","COE II, 155","großenehrich_DE_gid_2916643","prob. Grossenehrich, in Thuringia","COE II, 155","NULL","NULL","NULL","NULL","1","NULL","NULL","NULL","NULL","NULL","COE II, 155","unknown_location_XX_gid_unknown","Unknown","COE II, 155","NULL","NULL","NULL","NULL","1","NULL","NULL","NULL","NULL","NULL","COE II, 155","NULL"
"heemstede_jan_of_viaf_unknown","individual","male","unknown","Jan of HEEMSTEDE [COE] // Jan of Heemstede [CWE] // Heemstede, John of [ALLEN]","Jan Symons","COE II, 171","heemstede_NL_gid_2754692","Heemstede, near Haarlem","COE II, 171","NULL","NULL","NULL","NULL","1","NULL","NULL","NULL","NULL","NULL","COE II, 171","unknown_location_XX_gid_unknown","Unknown","COE II, 171","NULL","NULL","NULL","NULL","1","NULL","NULL","NULL","NULL","NULL","COE II, 171","NULL"
"herema_gerard_van_viaf_unknown","individual","male","unknown","Gerard van HEREMA [COE] // Gerard van Herema [CWE] // Herema, Gerard of [ALLEN]","NULL","NULL","unknown_location_in_the_netherlands_NL_gid_unknown","Unknown","COE II, 182-183","NULL","NULL","NULL","NULL","1","NULL","NULL","NULL","NULL","NULL","COE II, 182-183","unknown_location_XX_gid_unknown","Unknown","COE II, 182-183","NULL","NULL","NULL","NULL","1","NULL","NULL","NULL","NULL","NULL","COE II, 182-183","NULL"
"horion_guillaume_de_viaf_unknown","individual","male","unknown","Guillaume de HORION [COE] // Guillaume de Horion [CWE] // Horion, William ab [ALLEN]","Horrion","COE II, 203","unknown_location_in_limburg_BE_gid_unknown","Limburg","COE II, 203","NULL","NULL","NULL","NULL","1","NULL","NULL","NULL","NULL","NULL","COE II, 203","unknown_location_XX_gid_unknown","Unknown","COE II, 203","NULL","NULL","NULL","NULL","1","NULL","NULL","NULL","NULL","NULL","COE II, 203","NULL"
"hune_martin_viaf_unknown","individual","male","unknown","Martin HUNE [COE] // Martin Hune [CWE] // Hune, Martin [ALLEN]","Hunus","COE II, 214-215","gittelde_DE_gid_2920268","Gittelde","COE II, 214-215","NULL","NULL","NULL","NULL","1","NULL","NULL","NULL","NULL","NULL","COE II, 214-215","unknown_location_XX_gid_unknown","Unknown","COE II, 214-215","NULL","NULL","NULL","NULL","1","NULL","NULL","NULL","NULL","NULL","COE II, 214-215","NULL"
"janandus_claudius_viaf_unknown","individual","male","unknown","Claudius JANANDUS [COE] // Claudius Janandus [CWE] // Janandus, Claudius [ALLEN]","Iannandus // Janand","COE II, 233","unknown_location_XX_gid_unknown","Unknown","COE II, 233","NULL","NULL","NULL","NULL","1","NULL","NULL","NULL","NULL","NULL","COE II, 233","unknown_location_XX_gid_unknown","Unknown","COE II, 233","NULL","NULL","NULL","NULL","1","NULL","NULL","NULL","NULL","NULL","COE II, 233","NULL"
"jan_of_brussels_viaf_unknown","individual","male","unknown","JAN of Brussels [COE] // Jan of Brussels [CWE] // Brussels, John of [ALLEN]","Johannes Bruxellensis // Bruxelanus","COE II, 231-232","unknown_location_XX_gid_unknown","Unknown","COE II, 231-232","NULL","NULL","NULL","NULL","1","NULL","NULL","NULL","NULL","NULL","COE II, 231-232","unknown_location_XX_gid_unknown","Unknown","COE II, 231-232","NULL","NULL","NULL","NULL","1","NULL","NULL","NULL","NULL","NULL","COE II, 231-232","NULL"
"jespersen_jacob_viaf_67282045","individual","male","67282045","Jakob JESPERSEN [COE] // Jacob Jespersen [CWE] // Jaspar, Jacobus (Joannes or Jacobus Danus) [ALLEN]","Iasperus // Jasperi // Jacobus Danus","COE II, 234-235","århus_gid_DK_2624652","Aarhus","COE II, 234-235","NULL","NULL","NULL","NULL","1","NULL","NULL","NULL","NULL","NULL","COE II, 234-235","unknown_location_XX_gid_unknown","Unknown","COE II, 234-235","NULL","NULL","NULL","NULL","1","NULL","NULL","NULL","NULL","NULL","COE II, 234-235","NULL"
"johannes_maria_armoricus_viaf_unknown","individual","male","unknown","JOHANNES MARIA Armoricus [COE] // Johannes a Mera [CWE] // Maria, John [ALLEN]","NULL","COE II, 239","ciriè_IT_gid_3178650","Ciriè, north of Turin","COE II, 239","NULL","NULL","NULL","NULL","1","NULL","NULL","NULL","NULL","NULL","COE II, 239","unknown_location_XX_gid_unknown","Unknown","COE II, 239","NULL","NULL","NULL","NULL","1","NULL","NULL","NULL","NULL","alive in 1935, cf COE entry","COE II, 239","NULL"
"lagnier_simon_viaf_unknown","individual","male","unknown","Simon LAGNIER [COE] // Simon Lagnier [CWE] // Lagnier, Simon (Leignierus) [ALLEN]","Laynier // Leignier // Lenius","COE II, 280","unknown_location_XX_gid_unknown","Unknown","COE II, 280","NULL","NULL","NULL","NULL","1","NULL","NULL","NULL","NULL","NULL","COE II, 280","unknown_location_XX_gid_unknown","Unknown","COE II, 280","NULL","NULL","NULL","NULL","1","NULL","NULL","NULL","NULL","NULL","COE II, 280","NULL"
"lange_jean_viaf_unknown","individual","male","unknown","Jean LANGE [COE] // Jean Lange [CWE] // Angelus, John [ALLEN]","Johannes Angelus","COE II, 289-290","unknown_location_in_the_argonne_FR_gid_unknown","Argonne","COE II, 289-290","NULL","NULL","NULL","NULL","1","NULL","NULL","NULL","NULL","NULL","COE II, 289-290","unknown_location_XX_gid_unknown","Unknown","COE II, 289-290","NULL","NULL","NULL","NULL","1","NULL","NULL","NULL","NULL","NULL","COE II, 289-290","NULL"
"laurentia_johannes_baptista_viaf_unknown","individual","male","unknown","Johannes Baptista LAURENTIA [COE] // Johannes Baptista Laurentia [CWE] // Laurentia, Ioannes Baptista [ALLEN]","NULL","COE II, 307","unknown_location_XX_gid_unknown","Unknown","COE II, 307","NULL","NULL","NULL","NULL","1","NULL","NULL","NULL","NULL","NULL","COE II, 307","unknown_location_XX_gid_unknown","Unknown","COE II, 307","NULL","NULL","NULL","NULL","1","NULL","NULL","NULL","NULL","NULL","COE II, 307","NULL"
"leontius_[corpus_era]_viaf_unknown","individual","male","unknown","LEONTIUS [COE] // Leontius [CWE] // Leontius [ALLEN]","NULL","NULL","unknown_location_XX_gid_unknown","Unknown","COE II, 324","NULL","NULL","NULL","NULL","1","NULL","NULL","NULL","NULL","NULL","COE II, 324","unknown_location_XX_gid_unknown","Unknown","COE II, 324","NULL","NULL","NULL","NULL","1","NULL","NULL","NULL","NULL","NULL","COE II, 324","NULL"
"lotzer_johann_(1)_viaf_37256989","individual","male","37256989","Johann (I) LOTZER [COE] // Johann Lotzer [CWE] // Lotzer, John [ALLEN]","Locerus","COE II, 350","horb_am_neckar_DE_gid_2899101","Horb","COE II, 350","NULL","NULL","NULL","NULL","1","NULL","NULL","NULL","NULL","NULL","COE II, 350","unknown_location_XX_gid_unknown","Unknown","COE II, 350","NULL","NULL","NULL","NULL","1","NULL","NULL","NULL","NULL","NULL","COE II, 350","NULL"
"louvain_collegium_trilingue_viaf_not_applicable","corporate body","male","not applicable","[Collegium Trilingue] [COE] // Collegium Trilingue [CWE] // Busleiden's College [ALLEN]","NULL","NULL","unknown_location_XX_gid_unknown","NULL","NULL","NULL","NULL","NULL","NULL","1","NULL","NULL","NULL","NULL","NULL","NULL","unknown_location_XX_gid_unknown","NULL","NULL","NULL","NULL","NULL","NULL","1","NULL","NULL","NULL","NULL","NULL","NULL","NULL"
"louvain_faculty_of_theology_a_member_of_viaf_unknown","individual","male","unknown","[A Member of the Louvain Faculty of Theology] [COE] // A Member of the Louvain Faculty of Theology [CWE]","NULL","NULL","unknown_location_XX_gid_unknown","NULL","NULL","NULL","NULL","NULL","NULL","1","NULL","NULL","NULL","NULL","NULL","NULL","unknown_location_XX_gid_unknown","NULL","NULL","NULL","NULL","NULL","NULL","1","NULL","NULL","NULL","NULL","NULL","NULL","NULL"
"louvain_theologians_of_viaf_not_applicable","corporate body","NULL","not applicable","[Theologians of Louvain] [COE] // The Theologians of Louvain [CWE] // Louvain, Theologians [ALLEN]","NULL","NULL","unknown_location_XX_gid_unknown","NULL","NULL","NULL","NULL","NULL","NULL","1","NULL","NULL","NULL","NULL","NULL","NULL","unknown_location_XX_gid_unknown","NULL","NULL","NULL","NULL","NULL","NULL","1","NULL","NULL","NULL","NULL","NULL","NULL","NULL"
"loxanus_georgius_viaf_unknown","individual","male","unknown","Georgius LOXANUS [COE] // Georgius Loxanus [CWE] // Loxanus, George [ALLEN]","Georg von Logkschau // Loschau","COE II, 354-355","unknown_location_XX_gid_unknown","Unknown","COE II, 354-355","NULL","NULL","NULL","NULL","1","NULL","NULL","NULL","NULL","NULL","COE II, 354-355","unknown_location_XX_gid_unknown","Unknown","COE II, 354-355","NULL","NULL","NULL","NULL","1","NULL","NULL","NULL","NULL","NULL","COE II, 354-355","NULL"
"lübeck_a_man_of_viaf_unknown","individual","male","unknown","[A Man of Lübeck] [COE] // A man of Lübeck [CWE] // A man of Lübeck [ALLEN]","NULL","NULL","unknown_location_XX_gid_unknown","NULL","NULL","NULL","NULL","NULL","NULL","1","NULL","NULL","NULL","NULL","NULL","NULL","unknown_location_XX_gid_unknown","NULL","NULL","NULL","NULL","NULL","NULL","1","NULL","NULL","NULL","NULL","NULL","NULL","NULL"
"lucinge_philibert_de_viaf_unknown","individual","male","unknown","Philibert de LUCINGE [COE] // Philibert de Lucinge [CWE] // Lucinges, Philibert of [ALLEN]","NULL","NULL","unknown_location_in_the_bugey_region_FR_gid_unknown","Unknown, Bugey region","COE II, 355","NULL","NULL","NULL","NULL","1","NULL","NULL","NULL","NULL","NULL","COE II, 355","unknown_location_XX_gid_unknown","Unknown","COE II, 355","NULL","NULL","NULL","NULL","1","NULL","NULL","NULL","NULL","NULL","COE II, 355","NULL"
"ludovicus_[corpus_era_ep_167]_viaf_unknown","individual","male","unknown","LUDOVICUS [COE] // Louis [CWE] // Louis [ALLEN]","NULL","COE II, 355-356","unknown_location_XX_gid_unknown","Unknown","COE II, 355-356","NULL","NULL","NULL","NULL","1","NULL","NULL","NULL","NULL","NULL","COE II, 355","unknown_location_XX_gid_unknown","Unknown","COE II, 355","NULL","NULL","NULL","NULL","1","NULL","NULL","NULL","NULL","NULL","COE II, 355","NULL"
"ludovicus_[corpus_era_ep_790]_viaf_unknown","individual","male","unknown","LUDOVICUS [COE] // Louis [CWE] // Louis [ALLEN]","NULL","COE II, 355-356","unknown_location_XX_gid_unknown","Unknown","COE II, 355-356","NULL","NULL","NULL","NULL","1","NULL","NULL","NULL","NULL","NULL","COE II, 355","unknown_location_XX_gid_unknown","Unknown","COE II, 355","NULL","NULL","NULL","NULL","1","NULL","NULL","NULL","NULL","NULL","COE II, 355","NULL"
"luxembourg_nicolas_de_viaf_unknown","individual","male","unknown","NICHOLAS OF LUXEMBOURG [COE] // Nicholas of Luxemburg [CWE] // Luxembourg, Nicholas of [ALLEN]","Lutzenburgus","COE III, 16-17","unknown_location_XX_gid_unknown","Unknown","COE III, 16-17","NULL","NULL","NULL","NULL","1","NULL","NULL","NULL","NULL","documented at Louvain in 1520","COE III, 16-17","unknown_location_XX_gid_unknown","Unknown","COE III, 16-17","NULL","NULL","NULL","NULL","1","NULL","NULL","NULL","NULL","NULL","COE III, 16-17","NULL"
"maillard_nicolas_viaf_74209788","individual","male","74209788","Nicolas MAILLARD [COE] // Nicolas Maillard [CWE] // Mallarius, Nicolaus [ALLEN]","Mallarius","COE II, 369-370","unknown_location_diocese_of_rouen_FR_gid_unknown","Unknown, diocese of Rouen","COE II, 369-370","NULL","NULL","NULL","NULL","1","NULL","NULL","NULL","NULL","NULL","COE II, 369-370","unknown_location_XX_gid_unknown","Unknown","COE II, 369-370","NULL","NULL","NULL","NULL","1","NULL","NULL","NULL","NULL","NULL","COE II, 369-370","NULL"
"manius_petrus_viaf_unknown","individual","male","unknown","Petrus MANIUS [COE] // Petrus Manius [CWE] // Manius, Peter [ALLEN]","NULL","NULL","unknown_location_XX_gid_unknown","Unknown","COE II, 373","NULL","NULL","NULL","NULL","1","NULL","NULL","NULL","NULL","NULL","COE II, 373","unknown_location_XX_gid_unknown","Unknown","COE II, 373","NULL","NULL","NULL","NULL","1","NULL","NULL","NULL","NULL","NULL","COE II, 373","NULL"
"marletus_claudius_viaf_89243740","individual","male","89243740","Claude LE MARLET [COE] // Claude Le Marlet [CWE] // Morelet du Museau, Claude [ALLEN]","Marletus // Morelet du Museau","COE II, 319","dijon_FR_gid_3021372","prob. Dijon","COE II, 319","NULL","NULL","NULL","NULL","1","NULL","NULL","NULL","NULL","NULL","COE II, 319","unknown_location_XX_gid_unknown","Unknown","COE II, 319","NULL","NULL","NULL","NULL","1","NULL","NULL","NULL","NULL","NULL","COE II, 319","NULL"
"martens_joachim_viaf_unknown","individual","male","unknown","Joachim MARTENS [COE] // Joachim Martens [CWE] // Martinius, Joachim [ALLEN]","Martianus, Joachimus Gandavus","COE II, 396","gent_BE_gid_2797656","Ghent","BNB","NULL","NULL","NULL","NULL","1","NULL","NULL","NULL","NULL","NULL","COE II, 396","unknown_location_XX_gid_unknown","Unknown","COE II, 396","NULL","NULL","NULL","NULL","1","NULL","NULL","NULL","NULL","NULL","COE II, 396","NULL"
"martinus_[corpus_era]_viaf_unknown","individual","male","unknown","MARTINUS (adressed in Ep. 76 of [July? 1498] [COE] // Martin [CWE] // Martin [ALLEN]","NULL","NULL","unknown_location_XX_gid_unknown","Unknown","COE II, 397-398","NULL","NULL","NULL","NULL","1","NULL","NULL","NULL","NULL","NULL","COE II, 397-398","unknown_location_XX_gid_unknown","Unknown","COE II, 397-398","NULL","NULL","NULL","NULL","1","NULL","NULL","NULL","NULL","NULL","COE II, 397-398","NULL"
"merbelius_petrus_viaf_unknown","individual","male","unknown","Petrus MERBELIUS [COE] // Petrus Merbelius [CWE] // Merbelius, Petrus [ALLEN]","Merbel // Marbel // Merbeglio","COE II, 433-434","unknown_location_XX_gid_unknown","Unknown","COE II, 433-434","NULL","NULL","NULL","NULL","1","NULL","NULL","NULL","NULL","NULL","COE II, 433-434","unknown_location_XX_gid_unknown","Unknown","COE II, 433-434","NULL","NULL","NULL","NULL","1","NULL","NULL","NULL","NULL","NULL","COE II, 433-434","NULL"
"metz_chapter_of_cathedral_viaf_not_applicable","corporate body","NULL","not applicable","[Chapter of Metz Cathedral] [COE] // Chapter of Metz Cathedral [CWE] // Metz, Chapter [ALLEN]","NULL","NULL","unknown_location_XX_gid_unknown","NULL","NULL","NULL","NULL","NULL","NULL","1","NULL","NULL","NULL","NULL","NULL","NULL","unknown_location_XX_gid_unknown","NULL","NULL","NULL","NULL","NULL","NULL","1","NULL","NULL","NULL","NULL","NULL","NULL","NULL"
"mexía_cristóbal_viaf_unknown","individual","male","unknown","Cristóbal MEXÍA [COE] // Crístobal Mexía [CWE] // Mexia, Christopher [ALLEN]","NULL","NULL","sevilla_ES_gid_2510911","prob. Seville","COE II, 439","NULL","NULL","NULL","NULL","1","NULL","NULL","NULL","NULL","NULL","COE II, 439","unknown_location_XX_gid_unknown","Unknown","COE II, 439","NULL","NULL","NULL","NULL","1","NULL","NULL","NULL","NULL","NULL","COE II, 439","NULL"
"mitelli_vincenzo_viaf_unknown","individual","male","unknown","Vincenzo MITELLI [COE] // Vincenzo Mitelli [CWE] // Metellus, Vincent [ALLEN]","Metellus","COE II, 445","brescia_IT_gid_3181554","Brescia","COE II, 445","NULL","NULL","NULL","NULL","1","NULL","NULL","NULL","NULL","NULL","COE II, 445","unknown_location_XX_gid_unknown","Unknown","COE II, 445","NULL","NULL","NULL","NULL","1","NULL","NULL","NULL","NULL","NULL","COE II, 445","NULL"
"molendino_johannes_de_viaf_unknown","individual","male","uncertain","Johannes de MOLENDINO [COE] // Jean Moliner / Johannes de Molendino [CWE] // Molendino, John de (Molendinus, Molinaris, Molanus) [ALLEN]","Jean Molinier // Molinaris // Molinus","COE II, 446-447","tournai_BE_gid_2785341","prob. Tournai","COE II, 446-447","NULL","NULL","NULL","NULL","1","NULL","NULL","NULL","NULL","NULL","COE II, 446-447","unknown_location_XX_gid_unknown","Unknown","COE II, 446-447","NULL","NULL","NULL","NULL","1","NULL","NULL","NULL","NULL","NULL","COE II, 446-447","NULL"
"montfoort_pieter_van_viaf_uncertain","individual","male","uncertain","Pieter van MONTFOORT [COE] // Pieter van Montfoort [CWE] // Montfoert, Peter [ALLEN]","Petrus Montfoert ab Hoeff","COE II, 450","haarlem_NL_gid_2755003","prob. Haarlem","COE II, 450","NULL","NULL","NULL","NULL","1","NULL","NULL","NULL","NULL","NULL","COE II, 450","unknown_location_XX_gid_unknown","Unknown","COE II, 450","NULL","NULL","NULL","NULL","1","NULL","NULL","NULL","NULL","NULL","COE II, 450","NULL"
"morin_jean_viaf_unknown","individual","male","unknown","Jean MORIN [COE] // Jean Morin [CWE] // Morin, John [ALLEN]","NULL","NULL","unknown_location_XX_gid_unknown","Unknown","COE II, 462-463","NULL","NULL","NULL","NULL","1","NULL","NULL","NULL","NULL","NULL","COE II, 462-463","unknown_location_XX_gid_unknown","Unknown","COE II, 462-463","NULL","NULL","NULL","NULL","1","NULL","NULL","NULL","NULL","NULL","COE II, 462-463","NULL"
"mornieu_pierre_de_viaf_unknown","individual","male","unknown","Pierre de MORNIEU [COE] // Pierre de Mornieu [CWE] // Mornyeu, Peter of [ALLEN]","Mornyeus // Morniosus","COE II, 464","unknown_location_in_france_FR_gid_unknown","Unknown","COE II, 464","NULL","NULL","NULL","NULL","1","NULL","NULL","NULL","NULL","NULL","COE II, 464","unknown_location_XX_gid_unknown","Unknown","COE II, 464","NULL","NULL","NULL","NULL","1","NULL","NULL","NULL","NULL","NULL","COE II, 464","NULL"
"morrhy_gérard_viaf_78441521","individual","male","78441521","Gerard MORRHY [COE] // Gerard Morrhy [CWE] // Morrhius, Gerard [ALLEN]","Morrhe // Morrhius Campensis","COE II, 465","kampen_NL_gid_2753106","Kampen, in Overijssel","COE II, 465","NULL","NULL","NULL","NULL","1","NULL","NULL","NULL","NULL","NULL","COE II, 465","unknown_location_XX_gid_unknown","Unknown","COE II, 465","NULL","NULL","NULL","NULL","1","NULL","NULL","NULL","NULL","NULL","COE II, 465","NULL"
"nicasius_[corpus_era]_viaf_unknown","individual","male","unknown","NICASIUS [COE] // Nicasius, chaplain of Cambrai [CWE] // Nicasius, Chaplain of Cambray [ALLEN]","NULL","NULL","unknown_location_XX_gid_unknown","Unknown","COE III, 15","NULL","NULL","NULL","NULL","1","NULL","NULL","NULL","NULL","NULL","COE III, 15","unknown_location_XX_gid_unknown","Unknown","COE III, 15","NULL","NULL","NULL","NULL","1","NULL","NULL","NULL","NULL","NULL","COE III, 15","NULL"
"nicola_felipe_viaf_unknown","individual","male","unknown","Felipe NICOLA [COE] // Felipe Nicola [CWE] // Nicola, Philip [ALLEN]","NULL","NULL","unknown_location_XX_gid_unknown","Unknown","COE III, 17","NULL","NULL","NULL","NULL","1","NULL","NULL","NULL","NULL","NULL","COE III, 17","unknown_location_XX_gid_unknown","Unknown","COE III, 17","NULL","NULL","NULL","NULL","1","NULL","NULL","NULL","NULL","NULL","COE III, 17","NULL"
"niger_bernardus_viaf_unknown","individual","male","unknown","Bernardus NIGER [COE] // Bernardus Niger [CWE] // Niger, Bernard [ALLEN]","NULL","NULL","unknown_location_XX_gid_unknown","Unknown","COE III, 18","NULL","NULL","NULL","NULL","1","NULL","NULL","NULL","NULL","NULL","COE III, 18","unknown_location_XX_gid_unknown","Unknown","COE III, 18","NULL","NULL","NULL","NULL","1","NULL","NULL","NULL","NULL","NULL","COE III, 18","NULL"
"northoff_christian_viaf_unknown","individual","male","unknown","Christian NORTHOFF [COE] // Christian Northoff [CWE] // Northoff, Christian [ALLEN]","Noorthoven // Noerthoest // Noorthovius // Nordhave","COE III, 19-20","lübeck_DE_gid_2875601","Lübeck","COE III, 19-20","NULL","NULL","NULL","NULL","1","NULL","NULL","NULL","NULL","NULL","COE III, 19-20","lübeck_DE_gid_2875601","prob. Lübeck","COE III, 19-20","NULL","NULL","NULL","NULL","1","NULL","NULL","NULL","NULL","NULL","COE III, 19-20","NULL"
"nyder_konrad_viaf_unknown","individual","male","unknown","Konrad NYDER [COE] // Konrad Nyder [CWE] // Nyder Eppingensis, Conrad [ALLEN]","NULL","NULL","eppingen_DE_gid_2929831","Eppingen","COE III, 21","NULL","NULL","NULL","NULL","1","NULL","NULL","NULL","NULL","NULL","COE III, 21","unknown_location_XX_gid_unknown","Unknown","COE III, 21","NULL","NULL","NULL","NULL","1","NULL","NULL","NULL","NULL","NULL","COE III, 21","NULL"
"obrecht_jan_viaf_unknown","individual","male","unknown","Jan OBRECHT [COE] // Jan Obrecht [CWE] // Obrecht, John [ALLEN]","NULL","NULL","unknown_location_in_the_netherlands_NL_gid_unknown","Unknown","COE III, 21","NULL","NULL","NULL","NULL","1","NULL","NULL","NULL","NULL","NULL","COE III, 21","unknown_location_XX_gid_unknown","Unknown","COE III, 21","NULL","NULL","NULL","NULL","1","NULL","NULL","NULL","NULL","NULL","COE III, 21","NULL"
"ofhuys_karel_viaf_unknown","individual","male","unknown","Karel OFHUYS [COE] // Karel Ofhuys [CWE] // Ofhuys, Charles [ALLEN]","NULL","NULL","brussels_BE_gid_2800866","Brussels","COE III, 28-29","NULL","NULL","NULL","NULL","1","NULL","NULL","NULL","NULL","NULL","COE III, 28-29","unknown_location_XX_gid_unknown","Unknown","COE III, 28-29","NULL","NULL","NULL","NULL","1","NULL","NULL","NULL","NULL","NULL","COE III, 28-29","NULL"
"parcius_thomas_viaf_unknown","individual","male","unknown","Thomas PARCIUS [COE] // Thomas Parcius [CWE] // Parcius, Thomas [ALLEN]","perhaps Parker // Perkins // Percy // Darcy","COE III, 50-51","unknown_location_XX_gid_unknown","Unknown","COE III, 50-51","NULL","NULL","NULL","NULL","1","NULL","NULL","NULL","NULL","NULL","COE III, 50-51","unknown_location_XX_gid_unknown","Unknown","COE III, 50-51","NULL","NULL","NULL","NULL","1","NULL","NULL","NULL","NULL","NULL","COE III, 50-51","NULL"
"parentibus_lazarus_a_viaf_unknown","individual","male","unknown","Lazarus a PARENTIBUS [COE] // Lazarus a Parentibus [CWE] // Parentibus, Lazarus a [ALLEN]","NULL","NULL","genoa_IT_gid_3176219","Unknown, possibly Genoa","COE III, 51","NULL","NULL","NULL","NULL","1","NULL","NULL","NULL","NULL","NULL","COE III, 51","unknown_location_XX_gid_unknown","Unknown","COE III, 51","NULL","NULL","NULL","NULL","1","NULL","NULL","NULL","NULL","NULL","COE III, 51","NULL"
"paris_faculty_of_theology_of_viaf_not_applicable","corporate body","NULL","not applicable","[Faculty of Theology at Paris] [COE] // The Faculty of Theology of Paris [CWE] // Paris Theologians [ALLEN]","NULL","NULL","unknown_location_XX_gid_unknown","NULL","NULL","NULL","NULL","NULL","NULL","1","NULL","NULL","NULL","NULL","NULL","NULL","unknown_location_XX_gid_unknown","NULL","NULL","NULL","NULL","NULL","NULL","1","NULL","NULL","NULL","NULL","NULL","NULL","NULL"
"paris_parliament_of_viaf_not_applicable","corporate body","NULL","not applicable","[Parlement of Paris] [COE] // The Parlement of Paris [CWE] // Paris Parliament [ALLEN]","NULL","NULL","unknown_location_XX_gid_unknown","NULL","NULL","NULL","NULL","NULL","NULL","1","NULL","NULL","NULL","NULL","NULL","NULL","unknown_location_XX_gid_unknown","NULL","NULL","NULL","NULL","NULL","NULL","1","NULL","NULL","NULL","NULL","NULL","NULL","NULL"
"patron_a_[corpus_era]_viaf_unknown","individual","male","unknown","[A Patron] [COE] // A Patron, perhaps in The Hague [CWE] // ? [ALLEN]","NULL","NULL","unknown_location_XX_gid_unknown","Unknown","NULL","NULL","NULL","NULL","NULL","1","NULL","NULL","NULL","NULL","NULL","NULL","unknown_location_XX_gid_unknown","NULL","NULL","NULL","NULL","NULL","NULL","1","NULL","NULL","NULL","NULL","NULL","NULL","NULL"
"phoenix_petrus_viaf_uncertain","individual","male","uncertain","Petrus PHOENIX [COE] // Petrus Phoenix [CWE] // Felix [ALLEN]","Felix // Fénix","COE III, 79","lure_FR_gid_2997076","prob. Lure, between Belfort and Vesoul","COE III, 79","NULL","NULL","NULL","NULL","1","NULL","NULL","NULL","NULL","NULL","COE III, 79","unknown_location_XX_gid_unknown","Unknown","COE III, 79","NULL","NULL","NULL","1550-01-01","1","NULL","NULL","NULL","1553-12-31","between 1550 and 1553","COE III, 79","NULL"
"pistorius_christopherus_viaf_unknown","individual","male","unknown","Christophorus PISTORIUS [COE] // Christophorus Pistorius [CWE] // Pistorius, Christopher [ALLEN]","Beck","COE III, 97","unknown_location_in_germany_DE_gid_unknown","Unknown","COE III, 97","NULL","NULL","NULL","NULL","1","NULL","NULL","NULL","NULL","NULL","COE III, 97","unknown_location_XX_gid_unknown","Unknown","COE III, 97","NULL","NULL","NULL","NULL","1","NULL","NULL","NULL","NULL","NULL","COE III, 97","NULL"
"pistor_matthias_viaf_unknown","individual","male","unknown","Matthias PISTOR [COE] // Matthias Pistor [CWE] // Pistor, Mathias [ALLEN]","NULL","NULL","unknown_location_in_germany_DE_gid_unknown","Unknown","COE III, 95-96","NULL","NULL","NULL","NULL","1","NULL","NULL","NULL","NULL","NULL","COE III, 95-96","unknown_location_XX_gid_unknown","Unknown","COE III, 95-96","NULL","NULL","NULL","NULL","1","NULL","NULL","NULL","NULL","NULL","COE III, 95-96","NULL"
"platz_ludwig_viaf_unknown","individual","male","unknown","Ludwig PLATZ [COE] // Ludwig Platz [CWE] // Platz, Louis [ALLEN]","NULL","NULL","melsungen_DE_gid_2872028","Melsungen","COE III, 101","NULL","NULL","NULL","NULL","1","NULL","NULL","NULL","NULL","NULL","COE III, 101","unknown_location_XX_gid_unknown","Unknown","COE III, 101","NULL","NULL","NULL","NULL","1","NULL","NULL","NULL","NULL","NULL","COE III, 101","NULL"
"praepositus_edanus_nicolaus_viaf_unknown","individual","male","unknown","Nicolaus PRAEPOSITUS Edanus [COE] // Nicolaus Praepositus Edanus [CWE] // Praepositus, Nicholas [ALLEN]","NULL","NULL","unknown_location_XX_gid_unknown","Unknown","COE III, 117","NULL","NULL","NULL","NULL","1","NULL","NULL","NULL","NULL","NULL","COE III, 117","unknown_location_XX_gid_unknown","Unknown","COE III, 117","NULL","NULL","NULL","NULL","1","NULL","NULL","NULL","NULL","NULL","COE III, 117","NULL"
"praus_kilian_viaf_unknown","individual","male","unknown","Kilian PRAUS [COE] // Kilian Praus [CWE] // Chilianus, Clemens (Praüs) [ALLEN]","Chilianus // Clemens // Braxatoris // Brauer","COE III, 117-118","unknown_location_XX_gid_unknown","Unknown","COE III, 117-118","NULL","NULL","NULL","NULL","1","NULL","NULL","NULL","NULL","NULL","COE III, 117-118","unknown_location_XX_gid_unknown","Unknown","COE III, 117-118","NULL","NULL","NULL","NULL","1","NULL","NULL","NULL","NULL","NULL","COE III, 117-118","NULL"
"precellius_georgius_viaf_uncertain","individual","male","uncertain","Georgius PRECELLIUS [COE] // Georgius Precellius [CWE] // Precell, George [ALLEN]","NULL","NULL","unknown_location_XX_gid_unknown","Unknown","COE III, 118","NULL","NULL","NULL","NULL","1","NULL","NULL","NULL","NULL","NULL","COE III, 118","unknown_location_XX_gid_unknown","Unknown","COE III, 118","NULL","NULL","NULL","NULL","1","NULL","NULL","NULL","NULL","NULL","COE III, 118","NULL"
"quinonus_guilhelmus_viaf_unknown","individual","male","unknown","Guilhelmus QUINONUS [COE] // Guilhelmus Quinonus [CWE] // Quinonus, William [ALLEN]","NULL","NULL","unknown_location_XX_gid_unknown","Unknown","COE III, 126","NULL","NULL","NULL","NULL","1","NULL","NULL","NULL","NULL","NULL","COE III, 126","unknown_location_XX_gid_unknown","Unknown","COE III, 126","NULL","NULL","NULL","NULL","1","NULL","NULL","NULL","NULL","NULL","COE III, 126","NULL"
"quintinus_[corpus_era]_viaf_unknown","individual","male","unknown","QUINTINUS [COE] // Quintinus [CWE] // Quintin, Jean [ALLEN]","NULL","NULL","unknown_location_XX_gid_unknown","Unknown","COE III, 126-127","NULL","NULL","NULL","NULL","1","NULL","NULL","NULL","NULL","NULL","COE III, 126-127","unknown_location_XX_gid_unknown","Unknown","COE III, 126-127","NULL","NULL","NULL","NULL","1","NULL","NULL","NULL","NULL","NULL","COE III, 126-127","NULL"
"rebhan_leonhard_viaf_unknown","individual","male","unknown","Leonhard REBHAN [COE] // Leonhard Rebhan [CWE] // Rephanus, Leonard [ALLEN]","Rebhan // Rephanus","COE III, 132","unknown_location_in_germany_DE_gid_unknown","Unknown","COE III, 132","NULL","NULL","NULL","NULL","1","NULL","NULL","NULL","NULL","NULL","COE III, 132","unknown_location_XX_gid_unknown","Unknown","COE III, 132","NULL","NULL","NULL","NULL","1","NULL","NULL","NULL","NULL","NULL","COE III, 132","NULL"
"rhodus_stegrius_viaf_unknown","individual","male","unknown","Godofredus RHODUS Stegrius [COE] // Godofredus Rhodus Stegrius [CWE] // Rhodus, Ghodfrey [ALLEN]","NULL","NULL","unknown_location_XX_gid_unknown","Unknown","COE III, 153","NULL","NULL","NULL","NULL","1","NULL","NULL","NULL","NULL","NULL","COE III, 153","unknown_location_XX_gid_unknown","Unknown","COE III, 153","NULL","NULL","NULL","NULL","1","NULL","NULL","NULL","NULL","NULL","COE III, 153","NULL"
"rivulo_adrianus_a_viaf_unknown","individual","male","unknown","Adrianus a RIVULO [COE] // Adrianus a Rivulo [CWE] // Rivulo, Adrianus A [Rivo] [ALLEN]","Rivo","COE III, 165","antwerpen_BE_gid_2803138","Antwerp","COE III, 165","NULL","NULL","NULL","NULL","1","NULL","NULL","NULL","NULL","NULL","COE III, 165","unknown_location_XX_gid_unknown","Unknown","COE III, 165","NULL","NULL","NULL","NULL","1","NULL","NULL","NULL","NULL","NULL","COE III, 165","NULL"
"rupilius_franciscus_viaf_uncertain","individual","male","uncertain","Franciscus RUPILIUS [COE] // Franciscus Rupilius [CWE] // Rupilius, Franciscus [ALLEN]","Rothut","COE III, 178-179","unknown_location_XX_gid_unknown","Unknown","COE III, 178-179","NULL","NULL","NULL","NULL","1","NULL","NULL","NULL","NULL","NULL","COE III, 178-179","unknown_location_XX_gid_unknown","Unknown","COE III, 178-179","NULL","NULL","NULL","NULL","1","NULL","NULL","NULL","NULL","NULL","COE III, 178-179","NULL"
"sasboudus_[corpus_era]_viaf_unknown","individual","male","unknown","SASBOUDUS [COE] // Sasbout [CWE] // Sasboud [ALLEN]","NULL","NULL","unknown_location_XX_gid_unknown","Unknown","COE III, 196","NULL","NULL","NULL","NULL","1","NULL","NULL","NULL","NULL","NULL","COE III, 196","unknown_location_XX_gid_unknown","Unknown","COE III, 196","NULL","NULL","NULL","NULL","1","NULL","NULL","NULL","NULL","NULL","COE III, 196","NULL"
"scarpinelli_agostino_viaf_unknown","individual","male","unknown","Agostino SCARPINELLI [COE] // Agostino Scarpinelli [CWE] // Scapinellus, Augustinus [ALLEN]","Scarpinello // Scapinellus","COE III, 214-215","unknown_location_in_italy_IT_gid_unknown","Unknown","COE III, 214-215","NULL","NULL","NULL","NULL","1","NULL","NULL","NULL","NULL","NULL","COE III, 214-215","unknown_location_XX_gid_unknown","Unknown","COE III, 214-215","NULL","NULL","NULL","NULL","1","NULL","NULL","NULL","NULL","NULL","COE III, 214-215","NULL"
"scevola_daniele_viaf_unknown","individual","male","unknown","Daniele SCEVOLA [COE] // Daniele Scevola [CWE] // not included in the ALLEN corpus]","NULL","NULL","unknown_location_in_italy_IT_gid_unknown","Unknown","COE III, 215","NULL","NULL","NULL","NULL","1","NULL","NULL","NULL","NULL","NULL","COE III, 215","unknown_location_XX_gid_unknown","Unknown","COE III, 215","NULL","NULL","NULL","NULL","1","NULL","NULL","NULL","NULL","NULL","COE III, 215","NULL"
"schad_johann_matthäus_viaf_unknown","individual","male","unknown","Johann Matthäus SCHAD [COE] // Johann Matthäus Schad [CWE] // Schad, Matthew [ALLEN]","NULL","NULL","biberach_DE_gid_2949423","Unknown","COE III, 216-217","NULL","NULL","NULL","NULL","1","NULL","NULL","NULL","NULL","NULL","COE III, 216-217","unknown_location_XX_gid_unknown","Unknown","COE III, 216-217","NULL","NULL","NULL","NULL","1","NULL","NULL","NULL","NULL","NULL","COE III, 216-217","NULL"
"schirn_georg_viaf_unknown","individual","male","unknown","Georg SCHIRN [COE] // Georg Schirn [CWE] // Schirn, George [ALLEN]","Georgius Schirnus Alemannus","COE III, 224","unknown_location_XX_gid_unknown","Unknown","COE III, 224","NULL","NULL","NULL","NULL","1","NULL","NULL","NULL","NULL","NULL","COE III, 224","unknown_location_XX_gid_unknown","Unknown","COE III, 224","NULL","NULL","NULL","NULL","1","NULL","NULL","NULL","NULL","NULL","COE III, 224","NULL"
"schudelin_johann_viaf_unknown","individual","male","unknown","Johann SCHUDELIN [COE] // Johann Schudelin [CWE] // Schudelinus, John [ALLEN]","Schudelinus","COE III, 231-232","vaihingen_an_der_enz_DE_gid_2817927","Vaihingen","COE III, 231-232","NULL","NULL","NULL","NULL","1","NULL","NULL","NULL","NULL","NULL","COE III, 231-232","unknown_location_XX_gid_unknown","Unknown","COE III, 231-232","NULL","NULL","NULL","NULL","1","NULL","NULL","NULL","NULL","NULL","COE III, 231-232","NULL"
"silvius_andreas_viaf_20500070","individual","male","20500070","Andreas SILVIUS [COE] // Andreas Silvius [CWE] // Silvius, Andrew [ALLEN]","Sylvius","COE III, 252","unknown_location_XX_gid_unknown","Unknown","COE III, 252","NULL","NULL","NULL","NULL","1","NULL","NULL","NULL","NULL","NULL","COE III, 252","unknown_location_XX_gid_unknown","Unknown","COE III, 252","NULL","NULL","NULL","NULL","1","NULL","NULL","NULL","NULL","NULL","COE III, 252","NULL"
"smith_john_viaf_unknown","individual","male","unknown","John SMITH [COE] // John Smith [CWE] // Smith, John [ALLEN]","Smyth","COE III, 261","unknown_location_in_england_GB_gid_unknown","Unkown","COE III, 261","NULL","NULL","NULL","NULL","1","NULL","NULL","NULL","NULL","NULL","COE III, 261","unknown_location_XX_gid_unknown","Unknown","COE III, 261","NULL","NULL","NULL","NULL","1","NULL","NULL","NULL","NULL","NULL","COE III, 261","NULL"
"spinola_luigi_viaf_unknown","individual","male","unknown","Luigi SPINOLA [COE] // Luigi Spinola [CWE] // Spinula, Luigi [ALLEN]","Gian Luigi Spinola // Ludovico Spinola","COE III, 272-273","genoa_IT_gid_3176219","Genoa","COE III, 272-273","NULL","NULL","NULL","NULL","1","NULL","NULL","NULL","NULL","NULL","COE III, 272-273","unknown_location_XX_gid_unknown","Unknown","COE III, 272-273","NULL","NULL","NULL","NULL","1","NULL","NULL","NULL","NULL","NULL","COE III, 272-273","NULL"
"strasbourg_magistrates_of_viaf_not_applicable","corporate body","NULL","not applicable","[Magistrates of Strasbourg] [COE] // Magistrates of Strasbourg [CWE] // Strasburg, Magistrates [ALLEN]","NULL","NULL","unknown_location_XX_gid_unknown","NULL","NULL","NULL","NULL","NULL","NULL","1","NULL","NULL","NULL","NULL","NULL","NULL","unknown_location_XX_gid_unknown","NULL","NULL","NULL","NULL","NULL","NULL","1","NULL","NULL","NULL","NULL","NULL","NULL","NULL"
"swiss_confedercy_viaf_not_applicable","corporate body","NULL","not applicable","[Swiss Confederation] [COE] // The Swiss Confederation [CWE] // Swiss Confederacy [ALLEN]","NULL","NULL","unknown_location_XX_gid_unknown","NULL","NULL","NULL","NULL","NULL","NULL","1","NULL","NULL","NULL","NULL","NULL","NULL","unknown_location_XX_gid_unknown","NULL","NULL","NULL","NULL","NULL","NULL","1","NULL","NULL","NULL","NULL","NULL","NULL","NULL"
"thale_william_viaf_unknown","individual","male","unknown","William THALE [COE] // William Thale [CWE] // Thale, William [ALLEN]","Thaleus // Thaleius // Taleus","COE III, 315","unknown_location_in_england_GB_gid_unknown","Unknown","COE III, 315","NULL","NULL","NULL","NULL","1","NULL","NULL","NULL","NULL","NULL","COE III, 315","unknown_location_XX_gid_unknown","Unknown","COE III, 315","NULL","NULL","NULL","NULL","1","NULL","NULL","NULL","NULL","NULL","COE III, 315","NULL"
"theoderici_jacobus_viaf_unknown","individual","male","unknown","Jacobus THEODERICI [COE] // Jacobus Theodorici of Hoorn [CWE] // Theodorici, J. of Hoorn [ALLEN]","Dierckx","COE III, 317","hoorn_NL_gid_2753638","Hoorn, on the Frisian island of Terschelling","COE III, 317","NULL","NULL","NULL","NULL","1","NULL","NULL","NULL","NULL","NULL","COE III, 317","unknown_location_XX_gid_unknown","Unknown","COE III, 317","NULL","NULL","NULL","1532-01-01","1","NULL","NULL","NULL","1533-12-31","1532 or 1533","NULL","NULL"
"thomas_georg_viaf_unknown","individual","male","unknown","Georg THOMAS [COE] // Georg Thomas [CWE] // Thomas, George [ALLEN]","NULL","NULL","nordhausen_DE_gid_2861982","Nordhausen","COE III, 320","NULL","NULL","NULL","NULL","1","NULL","NULL","NULL","NULL","NULL","COE III, 320","unknown_location_XX_gid_unknown","Unknown","COE III, 320","NULL","NULL","NULL","NULL","1","NULL","NULL","NULL","NULL","NULL","COE III, 320","NULL"
"thuringus_saltzensis_chunradus_viaf_unknown","individual","male","unknown","Chunradus THURINGUS SALTZENSIS [COE] // Cunradus Thuringus Saltzensis [CWE] // Conrad Thuringus [ALLEN]","NULL","NULL","unknown_location_XX_gid_unknown","Unknown","COE III, 322","NULL","NULL","NULL","NULL","1","NULL","NULL","NULL","NULL","NULL","COE III, 322","unknown_location_XX_gid_unknown","Unknown","COE III, 322","NULL","NULL","NULL","NULL","1","NULL","NULL","NULL","NULL","NULL","COE III, 322","NULL"
"trautmannsdorf_andreas_von_viaf_uncertain","individual","male","uncertain","Andreas von TRAUTMANNSDORF [COE] // Andreas von Trautmannsdorf [CWE] // Trautmansdorff, Andreas [ALLEN]","Trautmansdorff","COE III, 340","unknown_location_in_germany_DE_gid_unknown","Unknown","COE III, 340","NULL","NULL","NULL","NULL","1","NULL","NULL","NULL","NULL","NULL","COE III, 340","unknown_location_XX_gid_unknown","Unknown","COE III, 340","NULL","NULL","NULL","NULL","1","NULL","NULL","NULL","NULL","NULL","COE III, 340","NULL"
"unnamed_person_viaf_not_applicable","individual","NULL","not applicable","[not included in COE] // ? [CWE] // Unnamed Person [ALLEN]","NULL","NULL","unknown_location_XX_gid_unknown","Unknown","NULL","NULL","NULL","NULL","NULL","1","NULL","NULL","NULL","NULL","NULL","NULL","unknown_location_XX_gid_unknown","Unknown","NULL","NULL","NULL","NULL","NULL","1","NULL","NULL","NULL","NULL","NULL","NULL","NULL"
"verinus_gabriel_viaf_51698984","individual","male","unknown","Gabriel VERINUS [COE] // Gabriel Verinus [CWE] // Verinus, Gabriel [ALLEN]","NULL","NULL","unknown_location_XX_gid_unknown","Unknown","COE III, 389","NULL","NULL","NULL","NULL","1","NULL","NULL","NULL","NULL","NULL","COE III, 389","unknown_location_XX_gid_unknown","Unknown","COE III, 389","NULL","NULL","NULL","NULL","1","NULL","NULL","NULL","NULL","NULL","COE III, 389","NULL"
"vesuvius_nicolaus_viaf_unknown","individual","male","unknown","Nicolaus VESUVIUS [COE] // Nicolaus Vesuvius [CWE] // Vesuvius, Nicholaus (Vidoveus) [ALLEN]","NULL","NULL","unknown_location_XX_gid_unknown","Unknown","COE III, 389-390","NULL","NULL","NULL","NULL","1","NULL","NULL","NULL","NULL","NULL","COE III, 389-390","unknown_location_XX_gid_unknown","Unknown","COE III, 389-390","NULL","NULL","NULL","NULL","1","NULL","NULL","NULL","NULL","NULL","COE III, 389-390","NULL"
"villani_bartolomeo_viaf_unknown","individual","male","unknown","Bartolomeo VILLANI [COE] // Bartolomeo Villani [CWE] // Villanus, Bortholomeus [ALLEN]","Villanus // Villano","COE III, 395-396","pontremoli_IT_gid_3170191","Pontremoli","COE III, 395-396","NULL","NULL","NULL","NULL","1","NULL","NULL","NULL","NULL","NULL","COE III, 395-396","unknown_location_XX_gid_unknown","Unknown","COE III, 395-396","NULL","NULL","NULL","NULL","1","NULL","NULL","NULL","NULL","NULL","COE III, 395-396","NULL"
"viromandus_hieronymus_viaf_unknown","individual","male","unknown","Hieronymus VIROMANDUS [COE] // Hieronymus Viromandus [CWE] // Viromandus, Hieronymus [ALLEN]","NULL","NULL","vermand_FR_gid_2969868","prob. Vermand","COE III, 399-400","NULL","NULL","NULL","NULL","1","NULL","NULL","NULL","NULL","NULL","COE III, 399-400","unknown_location_XX_gid_unknown","Unknown","COE III, 399-400","NULL","NULL","NULL","NULL","1","NULL","NULL","NULL","NULL","NULL","COE III, 399-400","NULL"
"wentford_roger_viaf_unknown","individual","male","unknown","Roger WENTFORD [COE] // Roger Wentford [CWE] // Wentford, Roger [ALLEN]","NULL","NULL","unknown_location_in_england_GB_gid_unknown","Unknown","COE IIII, 438","NULL","NULL","NULL","NULL","1","NULL","NULL","NULL","NULL","NULL","COE IIII, 438","unknown_location_XX_gid_unknown","Unknown","COE IIII, 438","NULL","NULL","NULL","NULL","1","NULL","NULL","NULL","NULL","NULL","COE IIII, 438","NULL"
"werter_johann_viaf_unknown","individual","male","unknown","Johann WERTER [COE] // Johann Werter [CWE] // Werter, John [ALLEN]","Werterius","COE III, 440","unknown_location_XX_gid_unknown","Unknown","COE III, 440","NULL","NULL","NULL","NULL","1","NULL","NULL","NULL","NULL","NULL","COE III, 440","unknown_location_XX_gid_unknown","Unknown","COE III, 440","NULL","NULL","NULL","NULL","1","NULL","NULL","NULL","NULL","NULL","COE III, 440","NULL"
"wiele_adriaan_viaf_291687111","individual","male","291687111","Adriaan WIELE [COE] // Adriaan Wiele [CWE] // Wiele, Adrian [ALLEN]","van der Wiele // Wiel // Vilius","COE III, 446","unknown_location_in_belgium_BE_gid_unknown","Unknown","COE III, 446","NULL","NULL","NULL","NULL","1","NULL","NULL","NULL","NULL","NULL","COE III, 446","unknown_location_XX_gid_unknown","Unknown","COE III, 446","NULL","NULL","NULL","NULL","1","NULL","NULL","NULL","NULL","NULL","COE III, 446","NULL"
"winckel_pieter_viaf_unknown","individual","male","unknown","Pieter WINCKEL [COE] // Pieter Winckel [CWE] // Winckel, Peter [ALLEN]","NULL","NULL","unknown_location_XX_gid_unknown","Unknown","COE III, 451","NULL","NULL","NULL","NULL","1","NULL","NULL","NULL","NULL","NULL","COE III, 451","unknown_location_XX_gid_unknown","Unknown","COE III, 451","NULL","NULL","NULL","NULL","1","NULL","NULL","NULL","NULL","NULL","COE III, 451","NULL"
"zurich_town_council_of_viaf_not_applicable","corporate body","not applicable","not applicable","[Town Council of Zurich] [COE] // The Town Council of Zürich [CWE] // Zurich Town Council [ALLEN]","NULL","NULL","unknown_location_XX_gid_unknown","NULL","NULL","NULL","NULL","NULL","NULL","1","NULL","NULL","NULL","NULL","NULL","NULL","unknown_location_XX_gid_unknown","NULL","NULL","NULL","NULL","NULL","NULL","1","NULL","NULL","NULL","NULL","NULL","NULL","NULL"
